Datum;Bensin 95;E85;Diesel
2015-01-01;12.59;9.5;12.85
2015-01-02;12.59;9.49;12.95
2015-01-03;12.59;9.49;12.95
2015-01-04;12.59;9.49;12.95
2015-01-05;12.49;9.49;12.8
2015-01-06;12.49;9.49;12.8
2015-01-07;12.39;9.49;12.7
2015-01-08;12.29;9.49;12.55
2015-01-09;12.29;9.49;12.55
2015-01-10;12.29;9.49;12.55
2015-01-11;12.29;9.49;12.55
2015-01-12;12.29;9.49;12.55
2015-01-13;12.29;9.49;12.55
2015-01-14;12.19;9.39;12.45
2015-01-15;12.19;9.39;12.45
2015-01-16;12.29;9.39;12.55
2015-01-17;12.29;9.39;12.55
2015-01-18;12.29;9.39;12.55
2015-01-19;12.29;9.39;12.55
2015-01-20;12.29;9.39;12.55
2015-01-21;12.29;9.39;12.55
2015-01-22;12.29;9.39;12.55
2015-01-23;12.29;9.39;12.65
2015-01-24;12.29;9.39;12.65
2015-01-25;12.29;9.39;12.65
2015-01-26;12.39;9.39;12.65
2015-01-27;12.39;9.39;12.65
2015-01-28;12.39;9.39;12.65
2015-01-29;12.49;9.39;12.65
2015-01-30;12.49;9.39;12.65
2015-01-31;12.49;9.39;12.65
2015-02-01;12.49;9.39;12.65
2015-02-02;12.59;9.39;12.65
2015-02-03;12.79;9.39;12.85
2015-02-04;12.99;9.39;13.05
2015-02-05;12.99;9.39;13.05
2015-02-06;12.99;9.39;13.2
2015-02-07;12.99;9.39;13.2
2015-02-08;12.99;9.39;13.2
2015-02-09;12.99;9.39;13.3
2015-02-10;13.19;9.39;13.5
2015-02-11;13.19;9.39;13.5
2015-02-12;13.09;9.39;13.35
2015-02-13;13.19;9.49;13.45
2015-02-14;13.19;9.49;13.45
2015-02-15;13.19;9.49;13.45
2015-02-16;13.29;9.59;13.65
2015-02-17;13.29;9.59;13.65
2015-02-18;13.29;9.59;13.65
2015-02-19;13.29;9.59;13.65
2015-02-20;13.19;9.59;13.55
2015-02-21;13.19;9.59;13.55
2015-02-22;13.19;9.59;13.55
2015-02-23;13.44;9.74;13.75
2015-02-24;13.44;9.74;13.75
2015-02-25;13.44;9.74;13.75
2015-02-26;13.34;9.74;13.65
2015-02-27;13.34;9.74;13.65
2015-02-28;13.34;9.74;13.65
2015-03-01;13.34;9.74;13.65
2015-03-02;13.54;9.74;13.75
2015-03-03;13.54;9.74;13.65
2015-03-04;13.54;9.74;13.65
2015-03-05;13.44;9.74;13.5
2015-03-06;13.54;9.74;13.6
2015-03-07;13.54;9.74;13.6
2015-03-08;13.54;9.74;13.6
2015-03-09;13.54;9.74;13.6
2015-03-10;13.64;9.84;13.6
2015-03-11;13.54;9.84;13.5
2015-03-12;13.54;9.84;13.5
2015-03-13;13.54;9.84;13.4
2015-03-14;13.54;9.84;13.4
2015-03-15;13.54;9.84;13.4
2015-03-16;13.54;9.84;13.3
2015-03-17;13.44;9.84;13.2
2015-03-18;13.44;9.84;13.2
2015-03-19;13.64;10.09;13.3
2015-03-20;13.64;10.09;13.3
2015-03-21;13.64;10.09;13.3
2015-03-22;13.64;10.09;13.3
2015-03-23;13.79;10.24;13.4
2015-03-24;13.79;10.24;13.4
2015-03-25;13.79;10.24;13.3
2015-03-26;13.79;10.24;13.3
2015-03-27;13.89;10.24;13.4
2015-03-28;13.89;10.24;13.4
2015-03-29;13.89;10.24;13.4
2015-03-30;13.89;10.24;13.5
2015-03-31;13.79;10.24;13.35
2015-04-01;13.79;9.68;13.35
2015-04-02;13.79;9.68;13.35
2015-04-03;13.79;9.68;13.35
2015-04-04;13.79;9.68;13.35
2015-04-05;13.79;9.68;13.35
2015-04-06;13.79;9.68;13.35
2015-04-07;13.79;9.68;13.25
2015-04-08;13.79;9.88;13.35
2015-04-09;13.79;9.88;13.35
2015-04-10;13.79;9.88;13.35
2015-04-11;13.79;9.88;13.35
2015-04-12;13.79;9.88;13.35
2015-04-13;13.89;9.88;13.45
2015-04-14;13.89;9.88;13.55
2015-04-15;13.89;9.88;13.55
2015-04-16;14.09;10.08;13.7
2015-04-17;14.09;10.08;13.8
2015-04-18;14.09;10.08;13.8
2015-04-19;14.09;10.08;13.8
2015-04-20;14.19;10.28;13.8
2015-04-21;14.19;10.28;13.8
2015-04-22;14.19;10.28;13.8
2015-04-23;14.19;10.28;13.8
2015-04-24;14.39;10.38;13.95
2015-04-25;14.39;10.38;13.95
2015-04-26;14.39;10.38;13.95
2015-04-27;14.39;10.38;13.85
2015-04-28;14.39;10.38;13.85
2015-04-29;14.29;10.38;13.85
2015-04-30;14.29;10.38;13.85
2015-05-01;14.29;10.38;13.85
2015-05-02;14.29;10.38;13.85
2015-05-03;14.29;10.38;13.85
2015-05-04;14.29;10.38;13.75
2015-05-05;14.29;10.38;13.75
2015-05-06;14.39;10.38;13.9
2015-05-07;14.39;10.38;13.9
2015-05-08;14.19;10.38;13.75
2015-05-09;14.19;10.38;13.75
2015-05-10;14.19;10.38;13.75
2015-05-11;14.09;10.38;13.65
2015-05-12;14.09;10.38;13.65
2015-05-13;14.19;10.38;13.75
2015-05-14;14.19;10.38;13.75
2015-05-15;14.19;10.38;13.75
2015-05-16;14.19;10.38;13.75
2015-05-17;14.19;10.38;13.75
2015-05-18;14.19;10.38;13.75
2015-05-19;14.19;10.38;13.75
2015-05-20;14.09;10.38;13.65
2015-05-21;14.09;10.38;13.65
2015-05-22;14.19;10.38;13.8
2015-05-23;14.19;10.38;13.8
2015-05-24;14.19;10.38;13.8
2015-05-25;14.19;10.38;13.8
2015-05-26;14.29;10.38;13.8
2015-05-27;14.19;10.38;13.7
2015-05-28;14.19;10.38;13.7
2015-05-29;14.09;10.38;13.6
2015-05-30;14.09;10.38;13.6
2015-05-31;14.09;10.38;13.6
2015-06-01;14.29;10.38;13.8
2015-06-02;14.39;10.38;13.8
2015-06-03;14.39;10.38;13.8
2015-06-04;14.29;10.38;13.7
2015-06-05;14.19;10.38;13.5
2015-06-06;14.19;10.38;13.5
2015-06-07;14.19;10.38;13.5
2015-06-08;14.19;10.38;13.4
2015-06-09;14.19;10.38;13.4
2015-06-10;14.34;10.48;13.55
2015-06-11;14.34;10.48;13.55
2015-06-12;14.49;10.48;13.55
2015-06-13;14.49;10.48;13.55
2015-06-14;14.49;10.48;13.55
2015-06-15;14.39;10.48;13.4
2015-06-16;14.39;10.48;13.4
2015-06-17;14.39;10.48;13.4
2015-06-18;14.39;10.48;13.4
2015-06-19;14.39;10.48;13.4
2015-06-20;14.39;10.48;13.4
2015-06-21;14.39;10.48;13.4
2015-06-22;14.19;10.48;13.2
2015-06-23;14.09;10.48;13.2
2015-06-24;14.09;10.48;13.3
2015-06-25;14.19;10.48;13.4
2015-06-26;14.19;10.48;13.4
2015-06-27;14.19;10.48;13.4
2015-06-28;14.19;10.48;13.4
2015-06-29;14.19;10.48;13.4
2015-06-30;14.19;10.48;13.4
2015-07-01;14.29;10.48;13.4
2015-07-02;14.29;10.48;13.4
2015-07-03;14.44;10.58;13.55
2015-07-04;14.44;10.58;13.55
2015-07-05;14.44;10.58;13.55
2015-07-06;14.44;10.58;13.4
2015-07-07;14.44;10.58;13.3
2015-07-08;14.44;10.58;13.1
2015-07-09;14.59;10.58;13.1
2015-07-10;14.59;10.58;13.25
2015-07-11;14.59;10.58;13.25
2015-07-12;14.59;10.58;13.25
2015-07-13;14.49;10.58;13.25
2015-07-14;14.49;10.58;13.25
2015-07-15;14.34;10.58;13.25
2015-07-16;14.19;10.58;13.15
2015-07-17;14.19;10.58;13.15
2015-07-18;14.19;10.58;13.15
2015-07-19;14.19;10.58;13.15
2015-07-20;14.19;10.58;13.15
2015-07-21;14.29;10.58;13.15
2015-07-22;14.19;10.58;13.15
2015-07-23;14.19;10.58;13.15
2015-07-24;14.09;10.58;13.05
2015-07-25;14.09;10.58;13.05
2015-07-26;14.09;10.58;13.05
2015-07-27;14.09;10.58;13.05
2015-07-28;13.99;10.58;12.9
2015-07-29;13.99;10.58;12.9
2015-07-30;14.09;10.68;12.9
2015-07-31;14.09;10.68;12.9
2015-08-01;14.09;10.68;12.9
2015-08-02;14.09;10.68;12.9
2015-08-03;14.29;10.83;12.9
2015-08-04;14.04;10.83;12.75
2015-08-05;14.04;10.83;12.75
2015-08-06;14.04;10.83;12.75
2015-08-07;13.94;10.83;12.75
2015-08-08;13.94;10.83;12.75
2015-08-09;13.94;10.83;12.75
2015-08-10;13.84;10.83;12.75
2015-08-11;13.84;10.83;12.9
2015-08-12;13.64;10.83;12.8
2015-08-13;13.64;10.83;12.8
2015-08-14;13.64;10.83;12.8
2015-08-15;13.64;10.83;12.8
2015-08-16;13.64;10.83;12.8
2015-08-17;13.54;10.83;12.8
2015-08-18;13.54;10.83;12.8
2015-08-19;13.39;10.73;12.7
2015-08-20;13.29;10.73;12.6
2015-08-21;13.29;10.73;12.6
2015-08-22;13.29;10.73;12.6
2015-08-23;13.29;10.73;12.6
2015-08-24;13.09;10.73;12.45
2015-08-25;12.94;10.58;12.25
2015-08-26;12.94;10.58;12.25
2015-08-27;12.79;10.58;12.25
2015-08-28;12.79;10.58;12.4
2015-08-29;12.79;10.58;12.4
2015-08-30;12.79;10.58;12.4
2015-08-31;12.99;10.58;12.6
2015-09-01;12.99;10.58;12.6
2015-09-02;12.99;10.58;12.7
2015-09-03;12.99;10.58;12.7
2015-09-04;13.14;10.58;12.85
2015-09-05;13.14;10.58;12.85
2015-09-06;13.14;10.58;12.85
2015-09-07;13.14;10.58;12.85
2015-09-08;12.99;10.58;12.7
2015-09-09;12.99;10.58;12.7
2015-09-10;12.99;10.58;12.7
2015-09-11;13.09;10.58;12.7
2015-09-12;13.09;10.58;12.7
2015-09-13;13.09;10.58;12.7
2015-09-14;12.99;10.58;12.7
2015-09-15;12.79;10.58;12.5
2015-09-16;12.79;10.58;12.5
2015-09-17;12.79;10.58;12.5
2015-09-18;12.79;10.58;12.5
2015-09-19;12.79;10.58;12.5
2015-09-20;12.79;10.58;12.5
2015-09-21;12.69;10.58;12.4
2015-09-22;12.69;10.58;12.4
2015-09-23;12.69;10.58;12.4
2015-09-24;12.84;10.58;12.55
2015-09-25;12.84;10.58;12.55
2015-09-26;12.84;10.58;12.55
2015-09-27;12.84;10.58;12.55
2015-09-28;12.84;10.58;12.55
2015-09-29;12.74;10.48;12.55
2015-09-30;12.74;10.48;12.55
2015-10-01;12.74;10.48;12.55
2015-10-02;12.74;10.48;12.55
2015-10-03;12.74;10.48;12.55
2015-10-04;12.74;10.48;12.55
2015-10-05;12.64;10.48;12.45
2015-10-06;12.74;10.48;12.6
2015-10-07;12.89;10.48;12.75
2015-10-08;12.89;10.48;12.75
2015-10-09;12.79;10.38;12.65
2015-10-10;12.79;10.38;12.65
2015-10-11;12.79;10.38;12.65
2015-10-12;12.79;10.38;12.65
2015-10-13;12.79;10.38;12.55
2015-10-14;12.64;10.38;12.4
2015-10-15;12.54;10.38;12.3
2015-10-16;12.44;10.38;12.2
2015-10-17;12.44;10.38;12.2
2015-10-18;12.44;10.38;12.2
2015-10-19;12.59;10.38;12.35
2015-10-20;12.49;10.38;12.25
2015-10-21;12.49;10.38;12.25
2015-10-22;12.49;10.38;12.35
2015-10-23;12.49;10.38;12.35
2015-10-24;12.49;10.38;12.35
2015-10-25;12.49;10.38;12.35
2015-10-26;12.59;10.38;12.45
2015-10-27;12.59;10.38;12.45
2015-10-28;12.59;10.38;12.45
2015-10-29;12.79;10.38;12.6
2015-10-30;12.79;10.38;12.6
2015-10-31;12.79;10.38;12.6
2015-11-01;12.79;10.38;12.6
2015-11-02;12.99;10.84;12.6
2015-11-03;12.99;10.84;12.6
2015-11-04;12.99;10.99;12.7
2015-11-05;12.99;10.99;12.7
2015-11-06;12.99;10.99;12.7
2015-11-07;12.99;10.99;12.7
2015-11-08;12.99;10.99;12.7
2015-11-09;13.09;11.14;12.7
2015-11-10;13.09;11.14;12.7
2015-11-11;12.99;11.14;12.7
2015-11-12;12.89;11.14;12.55
2015-11-13;12.79;11.14;12.45
2015-11-14;12.79;11.14;12.45
2015-11-15;12.79;11.14;12.45
2015-11-16;12.64;11.14;12.35
2015-11-17;12.54;11.14;12.35
2015-11-18;12.54;11.14;12.35
2015-11-19;12.54;11.14;12.35
2015-11-20;12.64;11.14;12.35
2015-11-21;12.64;11.14;12.35
2015-11-22;12.64;11.14;12.35
2015-11-23;12.64;11.14;12.35
2015-11-24;12.64;11.14;12.45
2015-11-25;12.79;11.14;12.45
2015-11-26;12.79;11.14;12.45
2015-11-27;12.79;11.14;12.35
2015-11-28;12.79;11.14;12.35
2015-11-29;12.79;11.14;12.35
2015-11-30;12.79;11.14;12.35
2015-12-01;12.81;11.83;12.35
2015-12-02;12.81;11.83;12.25
2015-12-03;12.66;11.83;12.15
2015-12-04;12.56;11.83;12.15
2015-12-05;12.56;11.83;12.15
2015-12-06;12.56;11.83;12.15
2015-12-07;12.41;11.83;12.05
2015-12-08;12.31;11.83;11.9
2015-12-09;12.31;11.83;11.9
2015-12-10;12.31;11.83;11.75
2015-12-11;12.46;11.83;11.75
2015-12-12;12.46;11.83;11.75
2015-12-13;12.46;11.83;11.75
2015-12-14;12.46;11.83;11.55
2015-12-15;12.46;11.83;11.55
2015-12-16;12.46;11.83;11.55
2015-12-17;12.36;11.73;11.45
2015-12-18;12.36;11.73;11.45
2015-12-19;12.36;11.73;11.45
2015-12-20;12.36;11.73;11.45
2015-12-21;12.46;11.73;11.55
2015-12-22;12.36;11.73;11.45
2015-12-23;12.36;11.73;11.45
2015-12-24;12.36;11.73;11.45
2015-12-25;12.36;11.73;11.45
2015-12-26;12.36;11.73;11.45
2015-12-27;12.36;11.73;11.45
2015-12-28;12.46;11.73;11.55
2015-12-29;12.46;11.73;11.55
2015-12-30;12.31;11.58;11.55
2015-12-31;12.31;11.58;11.55
2016-01-01;12.87;11.99;12.18
2016-01-02;12.87;11.99;12.18
2016-01-03;12.87;11.99;12.18
2016-01-04;12.87;11.99;12.08
2016-01-05;12.97;11.99;12.08
2016-01-06;12.97;11.99;12.08
2016-01-07;12.87;11.89;11.98
2016-01-08;12.87;11.89;11.98
2016-01-09;12.87;11.89;11.98
2016-01-10;12.87;11.89;11.98
2016-01-11;12.72;11.89;11.83
2016-01-12;12.72;11.89;11.83
2016-01-13;12.57;11.89;11.68
2016-01-14;12.47;11.89;11.68
2016-01-15;12.47;11.89;11.58
2016-01-16;12.47;11.89;11.58
2016-01-17;12.47;11.89;11.58
2016-01-18;12.47;11.89;11.58
2016-01-19;12.47;11.89;11.58
2016-01-20;12.57;11.89;11.58
2016-01-21;12.47;11.79;11.38
2016-01-22;12.47;11.79;11.38
2016-01-23;12.47;11.79;11.38
2016-01-24;12.47;11.79;11.38
2016-01-25;12.62;11.79;11.58
2016-01-26;12.62;11.79;11.58
2016-01-27;12.62;11.79;11.58
2016-01-28;12.62;11.79;11.68
2016-01-29;12.77;11.79;11.83
2016-01-30;12.77;11.79;11.83
2016-01-31;12.77;11.79;11.83
2016-02-01;12.77;11.79;11.83
2016-02-02;12.67;11.79;11.83
2016-02-03;12.52;11.69;11.73
2016-02-04;12.52;11.69;11.88
2016-02-05;12.52;11.69;11.88
2016-02-06;12.52;11.69;11.88
2016-02-07;12.52;11.69;11.88
2016-02-08;12.42;11.59;11.88
2016-02-09;12.42;11.59;11.88
2016-02-10;12.22;11.59;11.73
2016-02-11;12.12;11.59;11.58
2016-02-12;12.12;11.59;11.58
2016-02-13;12.12;11.59;11.58
2016-02-14;12.12;11.59;11.58
2016-02-15;12.32;11.59;11.78
2016-02-16;12.32;11.59;11.78
2016-02-17;12.32;11.59;11.78
2016-02-18;12.32;11.59;11.93
2016-02-19;12.32;11.59;11.93
2016-02-20;12.32;11.59;11.93
2016-02-21;12.32;11.59;11.93
2016-02-22;12.17;11.39;11.83
2016-02-23;12.17;11.39;11.83
2016-02-24;12.07;11.24;11.83
2016-02-25;12.07;11.24;11.83
2016-02-26;12.07;11.24;11.83
2016-02-27;12.07;11.24;11.83
2016-02-28;12.07;11.24;11.83
2016-02-29;12.27;11.24;12.03
2016-03-01;12.27;11.24;12.03
2016-03-02;12.17;11.09;12.03
2016-03-03;12.17;11.09;12.03
2016-03-04;12.42;11.09;12.13
2016-03-05;12.42;11.09;12.13
2016-03-06;12.42;11.09;12.13
2016-03-07;12.52;11.09;12.23
2016-03-08;12.62;11.09;12.33
2016-03-09;12.62;11.09;12.33
2016-03-10;12.77;11.09;12.33
2016-03-11;12.77;11.09;12.33
2016-03-12;12.77;11.09;12.33
2016-03-13;12.77;11.09;12.33
2016-03-14;12.77;11.09;12.33
2016-03-15;12.67;11.09;12.23
2016-03-16;12.67;11.09;12.23
2016-03-17;12.77;11.09;12.33
2016-03-18;12.77;11.09;12.33
2016-03-19;12.77;11.09;12.33
2016-03-20;12.77;11.09;12.33
2016-03-21;12.87;11.09;12.33
2016-03-22;12.87;11.09;12.33
2016-03-23;12.97;11.09;12.33
2016-03-24;12.97;11.09;12.33
2016-03-25;12.97;11.09;12.33
2016-03-26;12.97;11.09;12.33
2016-03-27;12.97;11.09;12.33
2016-03-28;12.97;11.09;12.33
2016-03-29;13.17;11.09;12.33
2016-03-30;13.17;11.09;12.13
2016-03-31;13.17;11.09;12.13
2016-04-01;13.07;10.61;12.13
2016-04-02;13.07;10.61;12.13
2016-04-03;13.07;10.61;12.13
2016-04-04;12.97;10.61;12.03
2016-04-05;12.97;10.61;12.03
2016-04-06;12.87;10.61;11.88
2016-04-07;12.87;10.61;11.88
2016-04-08;12.87;10.61;11.88
2016-04-09;12.87;10.61;11.88
2016-04-10;12.87;10.61;11.88
2016-04-11;13.12;10.61;12.13
2016-04-12;13.22;10.61;12.13
2016-04-13;13.22;10.61;12.23
2016-04-14;13.22;10.61;12.23
2016-04-15;13.22;10.61;12.33
2016-04-16;13.22;10.61;12.33
2016-04-17;13.22;10.61;12.33
2016-04-18;13.12;10.61;12.23
2016-04-19;13.02;10.61;12.23
2016-04-20;13.02;10.61;12.23
2016-04-21;13.02;10.61;12.23
2016-04-22;13.22;10.61;12.43
2016-04-23;13.22;10.61;12.43
2016-04-24;13.22;10.61;12.43
2016-04-25;13.32;10.71;12.53
2016-04-26;13.32;10.71;12.53
2016-04-27;13.32;10.71;12.53
2016-04-28;13.32;10.71;12.53
2016-04-29;13.42;10.71;12.63
2016-04-30;13.42;10.71;12.63
2016-05-01;13.42;10.71;12.63
2016-05-02;13.42;10.71;12.63
2016-05-03;13.42;10.71;12.63
2016-05-04;13.27;10.71;12.48
2016-05-05;13.27;10.71;12.48
2016-05-06;13.27;10.71;12.48
2016-05-07;13.27;10.71;12.48
2016-05-08;13.27;10.71;12.48
2016-05-09;13.17;10.71;12.48
2016-05-10;13.07;10.71;12.38
2016-05-11;13.07;10.71;12.38
2016-05-12;13.32;10.96;12.63
2016-05-13;13.42;11.06;12.63
2016-05-14;13.42;11.06;12.63
2016-05-15;13.42;11.06;12.63
2016-05-16;13.52;11.26;12.78
2016-05-17;13.52;11.36;12.88
2016-05-18;13.52;11.36;12.88
2016-05-19;13.67;11.51;13.03
2016-05-20;13.57;11.51;12.93
2016-05-21;13.57;11.51;12.93
2016-05-22;13.57;11.51;12.93
2016-05-23;13.67;11.61;13.03
2016-05-24;13.67;11.61;13.03
2016-05-25;13.77;11.61;13.13
2016-05-26;13.77;11.61;13.13
2016-05-27;13.77;11.61;13.13
2016-05-28;13.77;11.61;13.13
2016-05-29;13.77;11.61;13.13
2016-05-30;13.77;11.61;13.13
2016-05-31;13.77;11.61;13.13
2016-06-01;13.87;11.71;13.13
2016-06-02;13.72;11.71;13.03
2016-06-03;13.72;11.71;13.03
2016-06-04;13.72;11.71;13.03
2016-06-05;13.72;11.71;13.03
2016-06-06;13.72;11.71;13.03
2016-06-07;13.62;11.71;13.03
2016-06-08;13.47;11.71;13.03
2016-06-09;13.47;11.71;13.03
2016-06-10;13.47;11.71;13.03
2016-06-11;13.47;11.71;13.03
2016-06-12;13.47;11.71;13.03
2016-06-13;13.57;11.71;13.03
2016-06-14;13.57;11.71;13.03
2016-06-15;13.47;11.71;13.03
2016-06-16;13.47;11.71;13.03
2016-06-17;13.37;11.71;12.88
2016-06-18;13.37;11.71;12.88
2016-06-19;13.37;11.71;12.88
2016-06-20;13.47;11.71;12.98
2016-06-21;13.47;11.71;12.98
2016-06-22;13.62;11.71;13.08
2016-06-23;13.62;11.71;13.08
2016-06-24;13.62;11.71;13.08
2016-06-25;13.62;11.71;13.08
2016-06-26;13.62;11.71;13.08
2016-06-27;13.52;11.61;12.93
2016-06-28;13.42;11.61;12.93
2016-06-29;13.42;11.61;12.93
2016-06-30;13.42;11.61;13.03
2016-07-01;13.42;11.61;13.03
2016-07-02;13.42;11.61;13.03
2016-07-03;13.42;11.61;13.03
2016-07-04;13.42;11.61;13.03
2016-07-05;13.42;11.61;13.03
2016-07-06;13.27;11.51;12.93
2016-07-07;13.17;11.51;12.93
2016-07-08;13.17;11.51;12.93
2016-07-09;13.17;11.51;12.93
2016-07-10;13.17;11.51;12.93
2016-07-11;13.07;11.41;12.83
2016-07-12;13.07;11.41;12.83
2016-07-13;13.07;11.41;12.83
2016-07-14;12.97;11.41;12.73
2016-07-15;12.97;11.41;12.73
2016-07-16;12.97;11.41;12.73
2016-07-17;12.97;11.41;12.73
2016-07-18;13.17;11.41;12.73
2016-07-19;13.17;11.41;12.73
2016-07-20;13.17;11.41;12.83
2016-07-21;13.17;11.41;12.83
2016-07-22;13.17;11.41;12.83
2016-07-23;13.17;11.41;12.83
2016-07-24;13.17;11.41;12.83
2016-07-25;13.07;11.31;12.73
2016-07-26;13.07;11.31;12.73
2016-07-27;13.07;11.31;12.73
2016-07-28;13.07;11.31;12.63
2016-07-29;12.97;11.31;12.53
2016-07-30;12.97;11.31;12.53
2016-07-31;12.97;11.31;12.53
2016-08-01;12.94;10.56;12.49
2016-08-02;12.84;10.46;12.39
2016-08-03;12.84;10.46;12.39
2016-08-04;12.84;10.46;12.39
2016-08-05;12.94;10.46;12.49
2016-08-06;12.94;10.46;12.49
2016-08-07;12.94;10.46;12.49
2016-08-08;12.94;10.46;12.49
2016-08-09;13.09;10.46;12.64
2016-08-10;13.09;10.46;12.64
2016-08-11;12.99;10.31;12.64
2016-08-12;12.99;10.31;12.64
2016-08-13;12.99;10.31;12.64
2016-08-14;12.99;10.31;12.64
2016-08-15;13.09;10.31;12.79
2016-08-16;13.09;10.31;12.89
2016-08-17;13.19;10.31;12.99
2016-08-18;13.19;10.31;12.99
2016-08-19;13.29;10.31;13.09
2016-08-20;13.29;10.31;13.09
2016-08-21;13.29;10.31;13.09
2016-08-22;13.29;10.31;13.09
2016-08-23;13.29;10.31;13.09
2016-08-24;13.29;10.21;12.99
2016-08-25;13.29;10.11;12.89
2016-08-26;13.29;10.11;12.89
2016-08-27;13.29;10.11;12.89
2016-08-28;13.29;10.11;12.89
2016-08-29;13.39;10.11;12.99
2016-08-30;13.39;10.11;12.99
2016-08-31;13.29;10.01;12.99
2016-09-01;13.19;10.01;12.89
2016-09-02;13.04;9.91;12.79
2016-09-03;13.04;9.91;12.79
2016-09-04;13.04;9.91;12.79
2016-09-05;13.04;9.91;12.79
2016-09-06;13.19;9.91;12.94
2016-09-07;13.19;9.91;12.94
2016-09-08;13.19;9.91;12.94
2016-09-09;13.39;9.91;13.04
2016-09-10;13.39;9.91;13.04
2016-09-11;13.39;9.91;13.04
2016-09-12;13.39;9.91;12.94
2016-09-13;13.39;9.91;12.94
2016-09-14;13.29;9.91;12.84
2016-09-15;13.19;9.91;12.84
2016-09-16;13.19;9.91;12.84
2016-09-17;13.19;9.91;12.84
2016-09-18;13.19;9.91;12.84
2016-09-19;13.29;9.91;12.84
2016-09-20;13.29;9.91;12.84
2016-09-21;13.19;9.91;12.84
2016-09-22;13.19;9.91;12.94
2016-09-23;13.29;10.01;12.94
2016-09-24;13.29;10.01;12.94
2016-09-25;13.29;10.01;12.94
2016-09-26;13.29;10.01;12.94
2016-09-27;13.29;10.01;12.94
2016-09-28;13.19;10.01;12.84
2016-09-29;13.19;10.01;12.94
2016-09-30;13.39;10.01;13.14
2016-10-01;13.39;10.01;13.14
2016-10-02;13.39;10.01;13.14
2016-10-03;13.54;10.01;13.24
2016-10-04;13.54;10.01;13.24
2016-10-05;13.69;10.01;13.34
2016-10-06;13.69;10.01;13.34
2016-10-07;13.69;10.01;13.44
2016-10-08;13.69;10.01;13.44
2016-10-09;13.69;10.01;13.44
2016-10-10;13.69;10.01;13.44
2016-10-11;13.69;10.11;13.54
2016-10-12;13.69;10.11;13.54
2016-10-13;13.59;10.11;13.54
2016-10-14;13.59;10.11;13.54
2016-10-15;13.59;10.11;13.54
2016-10-16;13.59;10.11;13.54
2016-10-17;13.69;10.11;13.54
2016-10-18;13.69;10.11;13.54
2016-10-19;13.59;10.11;13.54
2016-10-20;13.59;10.11;13.64
2016-10-21;13.59;10.11;13.64
2016-10-22;13.59;10.11;13.64
2016-10-23;13.59;10.11;13.64
2016-10-24;13.69;10.21;13.64
2016-10-25;13.69;10.21;13.64
2016-10-26;13.69;10.21;13.64
2016-10-27;13.69;10.21;13.64
2016-10-28;13.59;10.21;13.64
2016-10-29;13.59;10.21;13.64
2016-10-30;13.59;10.21;13.64
2016-10-31;13.59;10.21;13.64
2016-11-01;13.49;11.03;13.54
2016-11-02;13.49;11.03;13.44
2016-11-03;13.39;10.65;13.29
2016-11-04;13.39;10.65;13.29
2016-11-05;13.39;10.65;13.29
2016-11-06;13.39;10.65;13.29
2016-11-07;13.29;10.65;13.19
2016-11-08;13.29;10.65;13.19
2016-11-09;13.29;10.65;13.19
2016-11-10;13.29;10.65;13.19
2016-11-11;13.29;10.65;13.19
2016-11-12;13.29;10.65;13.19
2016-11-13;13.29;10.65;13.19
2016-11-14;13.19;10.65;13.09
2016-11-15;13.19;10.65;13.09
2016-11-16;13.19;10.65;13.09
2016-11-17;13.34;10.65;13.29
2016-11-18;13.34;10.65;13.29
2016-11-19;13.34;10.65;13.29
2016-11-20;13.34;10.65;13.29
2016-11-21;13.34;10.65;13.39
2016-11-22;13.44;10.65;13.54
2016-11-23;13.44;10.65;13.54
2016-11-24;13.44;10.65;13.54
2016-11-25;13.54;10.65;13.64
2016-11-26;13.54;10.65;13.64
2016-11-27;13.54;10.65;13.64
2016-11-28;13.44;10.65;13.54
2016-11-29;13.44;10.65;13.54
2016-11-30;13.34;10.65;13.44
2016-12-01;13.54;10.75;13.54
2016-12-02;13.79;10.85;13.79
2016-12-03;13.79;10.85;13.79
2016-12-04;13.79;10.85;13.79
2016-12-05;13.89;10.95;13.89
2016-12-06;13.89;10.95;13.89
2016-12-07;13.89;10.95;13.79
2016-12-08;13.89;10.95;13.79
2016-12-09;13.79;10.95;13.79
2016-12-10;13.79;10.95;13.79
2016-12-11;13.79;10.95;13.79
2016-12-12;13.79;10.95;13.79
2016-12-13;13.94;11.15;13.94
2016-12-14;13.94;11.15;13.94
2016-12-15;13.94;11.15;13.94
2016-12-16;13.94;11.15;13.94
2016-12-17;13.94;11.15;13.94
2016-12-18;13.94;11.15;13.94
2016-12-19;14.14;11.35;14.14
2016-12-20;14.14;11.35;14.14
2016-12-21;14.24;11.35;14.24
2016-12-22;14.24;11.35;14.14
2016-12-23;14.24;11.35;14.14
2016-12-24;14.24;11.35;14.14
2016-12-25;14.24;11.35;14.14
2016-12-26;14.24;11.35;14.14
2016-12-27;14.09;11.35;13.99
2016-12-28;14.09;11.35;13.99
2016-12-29;14.19;11.35;14.14
2016-12-30;14.19;11.35;14.14
2016-12-31;14.19;11.35;14.14
2017-01-01;14.42;11.42;14.35
2017-01-02;14.32;11.42;14.25
2017-01-03;14.32;11.42;14.25
2017-01-04;14.32;11.42;14.25
2017-01-05;14.32;11.42;14.25
2017-01-06;14.32;11.42;14.25
2017-01-07;14.32;11.42;14.25
2017-01-08;14.32;11.42;14.25
2017-01-09;14.42;11.62;14.4
2017-01-10;14.27;11.62;14.1
2017-01-11;14.27;11.62;14.1
2017-01-12;14.27;11.62;14.1
2017-01-13;14.37;11.77;14.1
2017-01-14;14.37;11.77;14.1
2017-01-15;14.37;11.77;14.1
2017-01-16;14.37;11.77;14
2017-01-17;14.37;11.77;14
2017-01-18;14.37;11.77;14
2017-01-19;14.22;11.77;13.9
2017-01-20;14.12;11.77;13.9
2017-01-21;14.12;11.77;13.9
2017-01-22;14.12;11.77;13.9
2017-01-23;14.22;11.87;14
2017-01-24;14.12;11.87;13.9
2017-01-25;14.12;11.87;13.9
2017-01-26;14.12;11.87;13.9
2017-01-27;14.22;11.87;13.9
2017-01-28;14.22;11.87;13.9
2017-01-29;14.22;11.87;13.9
2017-01-30;14.22;11.87;13.9
2017-01-31;14.12;11.77;13.9
2017-02-01;14.22;11.77;14
2017-02-02;14.22;11.77;14
2017-02-03;14.22;11.77;14
2017-02-04;14.22;11.77;14
2017-02-05;14.22;11.77;14
2017-02-06;14.32;11.77;14
2017-02-07;14.32;11.77;14
2017-02-08;14.22;11.77;14
2017-02-09;14.22;11.77;14
2017-02-10;14.32;11.87;14
2017-02-11;14.32;11.87;14
2017-02-12;14.32;11.87;14
2017-02-13;14.52;12.07;14.2
2017-02-14;14.42;12.07;14.1
2017-02-15;14.42;12.07;14.1
2017-02-16;14.42;12.07;14.1
2017-02-17;14.32;12.07;14.1
2017-02-18;14.32;12.07;14.1
2017-02-19;14.32;12.07;14.1
2017-02-20;14.32;12.07;14.1
2017-02-21;14.42;12.22;14.1
2017-02-22;14.42;12.22;14.1
2017-02-23;14.42;12.22;14.1
2017-02-24;14.42;12.22;14.2
2017-02-25;14.42;12.22;14.2
2017-02-26;14.42;12.22;14.2
2017-02-27;14.42;12.22;14.2
2017-02-28;14.52;12.32;14.3
2017-03-01;14.52;12.32;14.3
2017-03-02;14.37;12.32;14.2
2017-03-03;14.22;12.32;14.1
2017-03-04;14.22;12.32;14.1
2017-03-05;14.22;12.32;14.1
2017-03-06;14.22;12.32;14.1
2017-03-07;14.12;12.32;14.1
2017-03-08;14.12;12.32;14.1
2017-03-09;14.12;12.32;14.1
2017-03-10;13.97;12.17;13.95
2017-03-11;13.97;12.17;13.95
2017-03-12;13.97;12.17;13.95
2017-03-13;13.97;12.17;13.95
2017-03-14;13.87;11.97;13.8
2017-03-15;13.77;11.87;13.7
2017-03-16;13.77;11.87;13.7
2017-03-17;13.77;11.87;13.7
2017-03-18;13.77;11.87;13.7
2017-03-19;13.77;11.87;13.7
2017-03-20;13.77;11.87;13.7
2017-03-21;13.92;11.87;13.7
2017-03-22;13.92;11.87;13.7
2017-03-23;13.92;11.77;13.6
2017-03-24;13.92;11.77;13.6
2017-03-25;13.92;11.77;13.6
2017-03-26;13.92;11.77;13.6
2017-03-27;14.07;11.77;13.6
2017-03-28;14.07;11.77;13.6
2017-03-29;14.07;11.77;13.6
2017-03-30;14.22;11.77;13.75
2017-03-31;14.22;11.77;13.75
2017-04-01;14.22;11.77;13.75
2017-04-02;14.22;11.77;13.75
2017-04-03;14.22;10.99;13.85
2017-04-04;14.22;10.99;13.85
2017-04-05;14.32;10.99;13.95
2017-04-06;14.32;10.99;13.95
2017-04-07;14.42;10.99;14.05
2017-04-08;14.42;10.99;14.05
2017-04-09;14.42;10.99;14.05
2017-04-10;14.42;10.99;14.15
2017-04-11;14.42;10.99;14.15
2017-04-12;14.52;10.99;14.15
2017-04-13;14.52;10.99;14.15
2017-04-14;14.52;10.99;14.15
2017-04-15;14.52;10.99;14.15
2017-04-16;14.52;10.99;14.15
2017-04-17;14.52;10.99;14.15
2017-04-18;14.62;10.99;14.25
2017-04-19;14.62;10.99;14.25
2017-04-20;14.47;10.99;14.1
2017-04-21;14.37;10.99;13.95
2017-04-22;14.37;10.99;13.95
2017-04-23;14.37;10.99;13.95
2017-04-24;14.27;10.99;13.85
2017-04-25;14.27;10.99;13.85
2017-04-26;14.12;10.99;13.75
2017-04-27;14.12;10.99;13.75
2017-04-28;13.97;10.99;13.65
2017-04-29;13.97;10.99;13.65
2017-04-30;13.97;10.99;13.65
2017-05-01;13.97;10.99;13.65
2017-05-02;14.07;10.99;13.75
2017-05-03;14.07;10.99;13.75
2017-05-04;13.97;10.99;13.6
2017-05-05;13.87;10.99;13.45
2017-05-06;13.87;10.99;13.45
2017-05-07;13.87;10.99;13.45
2017-05-08;13.87;10.99;13.45
2017-05-09;13.97;10.99;13.45
2017-05-10;13.97;11.19;13.55
2017-05-11;14.07;11.29;13.65
2017-05-12;14.07;11.29;13.65
2017-05-13;14.07;11.29;13.65
2017-05-14;14.07;11.29;13.65
2017-05-15;14.17;11.39;13.75
2017-05-16;14.17;11.39;13.75
2017-05-17;14.17;11.39;13.75
2017-05-18;14.17;11.39;13.75
2017-05-19;14.17;11.39;13.75
2017-05-20;14.17;11.39;13.75
2017-05-21;14.17;11.39;13.75
2017-05-22;14.27;11.49;13.85
2017-05-23;14.27;11.49;13.85
2017-05-24;14.17;11.49;13.75
2017-05-25;14.17;11.49;13.75
2017-05-26;14.17;11.49;13.75
2017-05-27;14.17;11.49;13.75
2017-05-28;14.17;11.49;13.75
2017-05-29;14.17;11.49;13.65
2017-05-30;14.17;11.49;13.65
2017-05-31;14.17;11.49;13.65
2017-06-01;14.07;11.39;13.55
2017-06-02;14.17;11.39;13.55
2017-06-03;14.17;11.39;13.55
2017-06-04;14.17;11.39;13.55
2017-06-05;14.07;11.39;13.45
2017-06-06;14.07;11.39;13.45
2017-06-07;14.07;11.39;13.45
2017-06-08;13.92;11.39;13.3
2017-06-09;13.92;11.39;13.3
2017-06-10;13.92;11.39;13.3
2017-06-11;13.92;11.39;13.3
2017-06-12;13.92;11.39;13.3
2017-06-13;13.82;11.39;13.3
2017-06-14;13.82;11.39;13.3
2017-06-15;13.67;11.39;13.2
2017-06-16;13.67;11.39;13.2
2017-06-17;13.67;11.39;13.2
2017-06-18;13.67;11.39;13.2
2017-06-19;13.67;11.39;13.2
2017-06-20;13.67;11.39;13.2
2017-06-21;13.57;11.39;13.1
2017-06-22;13.57;11.39;13.1
2017-06-23;13.57;11.39;13.1
2017-06-24;13.57;11.39;13.1
2017-06-25;13.57;11.39;13.1
2017-06-26;13.72;11.39;13.2
2017-06-27;13.72;11.39;13.2
2017-06-28;13.72;11.39;13.2
2017-06-29;13.82;11.39;13.3
2017-06-30;13.82;11.39;13.3
2017-07-01;13.82;11.39;13.3
2017-07-02;13.82;11.39;13.3
2017-07-03;13.82;11.39;13.3
2017-07-04;13.92;11.39;13.45
2017-07-05;13.92;11.39;13.45
2017-07-06;13.77;11.29;13.45
2017-07-07;13.77;11.29;13.45
2017-07-08;13.77;11.29;13.45
2017-07-09;13.77;11.29;13.45
2017-07-10;13.67;11.29;13.3
2017-07-11;13.67;11.29;13.3
2017-07-12;13.67;11.29;13.3
2017-07-13;13.67;11.29;13.3
2017-07-14;13.77;11.29;13.4
2017-07-15;13.77;11.29;13.4
2017-07-16;13.77;11.29;13.4
2017-07-17;13.77;11.29;13.4
2017-07-18;13.77;11.29;13.4
2017-07-19;13.77;11.29;13.4
2017-07-20;13.87;11.29;13.4
2017-07-21;13.87;11.29;13.4
2017-07-22;13.87;11.29;13.4
2017-07-23;13.87;11.29;13.4
2017-07-24;13.77;11.29;13.3
2017-07-25;13.77;11.29;13.3
2017-07-26;13.77;11.29;13.3
2017-07-27;13.77;11.29;13.4
2017-07-28;13.77;11.29;13.4
2017-07-29;13.77;11.29;13.4
2017-07-30;13.77;11.29;13.4
2017-07-31;13.87;11.29;13.55
2017-08-01;13.87;11.29;13.55
2017-08-02;13.87;11.29;13.55
2017-08-03;13.87;11.29;13.55
2017-08-04;13.97;11.29;13.55
2017-08-05;13.97;11.29;13.55
2017-08-06;13.97;11.29;13.55
2017-08-07;13.97;11.29;13.55
2017-08-08;13.97;11.29;13.45
2017-08-09;13.97;11.29;13.45
2017-08-10;13.97;11.29;13.45
2017-08-11;13.97;11.29;13.55
2017-08-12;13.97;11.29;13.55
2017-08-13;13.97;11.29;13.55
2017-08-14;13.97;11.29;13.55
2017-08-15;13.87;11.19;13.55
2017-08-16;13.77;11.19;13.4
2017-08-17;13.77;11.19;13.4
2017-08-18;13.67;11.09;13.3
2017-08-19;13.67;11.09;13.3
2017-08-20;13.67;11.09;13.3
2017-08-21;13.77;11.09;13.4
2017-08-22;13.77;11.09;13.4
2017-08-23;13.77;11.09;13.4
2017-08-24;13.87;11.09;13.5
2017-08-25;13.87;11.09;13.5
2017-08-26;13.87;11.09;13.5
2017-08-27;13.87;11.09;13.5
2017-08-28;13.97;11.09;13.5
2017-08-29;13.97;11.09;13.5
2017-08-30;13.97;11.09;13.5
2017-08-31;14.17;11.09;13.6
2017-09-01;14.42;11.09;13.6
2017-09-02;14.42;11.09;13.6
2017-09-03;14.42;11.09;13.6
2017-09-04;14.32;11.09;13.6
2017-09-05;14.22;10.99;13.6
2017-09-06;14.22;10.99;13.7
2017-09-07;14.22;10.99;13.7
2017-09-08;14.22;10.99;13.8
2017-09-09;14.22;10.99;13.8
2017-09-10;14.22;10.99;13.8
2017-09-11;14.22;10.99;13.8
2017-09-12;14.07;10.99;13.7
2017-09-13;14.07;10.99;13.7
2017-09-14;14.07;10.99;13.8
2017-09-15;14.07;10.99;13.8
2017-09-16;14.07;10.99;13.8
2017-09-17;14.07;10.99;13.8
2017-09-18;14.07;10.99;13.8
2017-09-19;13.92;10.99;13.8
2017-09-20;13.92;10.99;13.8
2017-09-21;13.92;10.99;13.8
2017-09-22;13.92;10.99;13.9
2017-09-23;13.92;10.99;13.9
2017-09-24;13.92;10.99;13.9
2017-09-25;13.82;10.99;13.9
2017-09-26;13.97;10.99;14
2017-09-27;13.97;10.99;14
2017-09-28;13.87;10.89;14
2017-09-29;13.87;10.89;14
2017-09-30;13.87;10.89;14
2017-10-01;13.87;10.89;14
2017-10-02;13.87;10.89;14
2017-10-03;13.77;10.79;13.9
2017-10-04;13.77;10.79;13.9
2017-10-05;13.77;10.64;13.8
2017-10-06;13.87;10.64;13.9
2017-10-07;13.87;10.64;13.9
2017-10-08;13.87;10.64;13.9
2017-10-09;13.87;10.49;13.8
2017-10-10;13.87;10.49;13.8
2017-10-11;13.87;10.49;13.8
2017-10-12;13.87;10.49;13.8
2017-10-13;13.87;10.49;13.8
2017-10-14;13.87;10.49;13.8
2017-10-15;13.87;10.49;13.8
2017-10-16;13.97;10.49;14
2017-10-17;13.97;10.49;14
2017-10-18;13.87;10.39;14
2017-10-19;13.87;10.39;14
2017-10-20;13.87;10.39;13.9
2017-10-21;13.87;10.39;13.9
2017-10-22;13.87;10.39;13.9
2017-10-23;13.87;10.39;13.9
2017-10-24;13.97;10.39;13.9
2017-10-25;13.97;10.39;13.9
2017-10-26;14.07;10.39;14
2017-10-27;14.07;10.39;14
2017-10-28;14.07;10.39;14
2017-10-29;14.07;10.39;14
2017-10-30;14.27;10.39;14.2
2017-10-31;14.27;10.39;14.2
2017-11-01;14.27;11.17;14.2
2017-11-02;14.27;11.17;14.2
2017-11-03;14.52;11.17;14.2
2017-11-04;14.52;11.17;14.2
2017-11-05;14.52;11.17;14.2
2017-11-06;14.62;11.17;14.2
2017-11-07;14.72;11.17;14.35
2017-11-08;14.72;11.17;14.35
2017-11-09;14.72;11.17;14.35
2017-11-10;14.72;11.17;14.45
2017-11-11;14.72;11.17;14.45
2017-11-12;14.72;11.17;14.45
2017-11-13;14.72;11.17;14.45
2017-11-14;14.72;11.17;14.45
2017-11-15;14.57;11.17;14.35
2017-11-16;14.42;11.17;14.35
2017-11-17;14.32;11.07;14.35
2017-11-18;14.32;11.07;14.35
2017-11-19;14.32;11.07;14.35
2017-11-20;14.32;11.07;14.35
2017-11-21;14.32;11.07;14.35
2017-11-22;14.52;11.07;14.45
2017-11-23;14.52;11.07;14.45
2017-11-24;14.52;11.07;14.45
2017-11-25;14.52;11.07;14.45
2017-11-26;14.52;11.07;14.45
2017-11-27;14.62;11.07;14.45
2017-11-28;14.52;11.07;14.45
2017-11-29;14.52;11.07;14.45
2017-11-30;14.37;11.07;14.3
2017-12-01;14.37;11.07;14.3
2017-12-02;14.37;11.07;14.3
2017-12-03;14.37;11.07;14.3
2017-12-04;14.47;11.17;14.4
2017-12-05;14.37;11.17;14.3
2017-12-06;14.37;11.17;14.3
2017-12-07;14.27;11.17;14.2
2017-12-08;14.27;11.17;14.2
2017-12-09;14.27;11.17;14.2
2017-12-10;14.27;11.17;14.2
2017-12-11;14.42;11.17;14.4
2017-12-12;14.42;11.17;14.4
2017-12-13;14.42;11.17;14.4
2017-12-14;14.42;11.17;14.4
2017-12-15;14.42;11.17;14.4
2017-12-16;14.42;11.17;14.4
2017-12-17;14.42;11.17;14.4
2017-12-18;14.42;11.17;14.4
2017-12-19;14.42;11.17;14.4
2017-12-20;14.57;11.17;14.5
2017-12-21;14.57;11.17;14.5
2017-12-22;14.47;11.17;14.4
2017-12-23;14.47;11.17;14.4
2017-12-24;14.47;11.17;14.4
2017-12-25;14.47;11.17;14.4
2017-12-26;14.47;11.17;14.4
2017-12-27;14.47;11.17;14.4
2017-12-28;14.57;11.17;14.55
2017-12-29;14.47;11.17;14.55
2017-12-30;14.47;11.17;14.55
2017-12-31;14.47;11.17;14.55
2018-01-01;14.76;10.95;14.81
2018-01-02;14.76;10.95;14.71
2018-01-03;14.76;10.95;14.71
2018-01-04;14.76;10.95;14.81
2018-01-05;14.76;10.95;14.81
2018-01-06;14.76;10.95;14.81
2018-01-07;14.76;10.95;14.81
2018-01-08;14.76;10.95;14.81
2018-01-09;14.76;10.95;14.81
2018-01-10;14.86;10.95;14.81
2018-01-11;14.86;10.95;14.81
2018-01-12;14.86;10.95;14.81
2018-01-13;14.86;10.95;14.81
2018-01-14;14.86;10.95;14.81
2018-01-15;14.86;10.95;14.71
2018-01-16;14.86;10.95;14.71
2018-01-17;14.86;10.95;14.71
2018-01-18;14.86;10.95;14.71
2018-01-19;14.86;10.95;14.71
2018-01-20;14.86;10.95;14.71
2018-01-21;14.86;10.95;14.71
2018-01-22;14.86;10.95;14.71
2018-01-23;14.96;10.95;14.71
2018-01-24;14.96;10.95;14.71
2018-01-25;14.96;10.95;14.71
2018-01-26;14.96;10.95;14.71
2018-01-27;14.96;10.95;14.71
2018-01-28;14.96;10.95;14.71
2018-01-29;14.96;10.95;14.71
2018-01-30;14.96;10.85;14.61
2018-01-31;14.86;10.85;14.61
2018-02-01;14.76;10.75;14.51
2018-02-02;14.76;10.75;14.51
2018-02-03;14.76;10.75;14.51
2018-02-04;14.76;10.75;14.51
2018-02-05;14.76;10.75;14.51
2018-02-06;14.76;10.75;14.51
2018-02-07;14.66;10.65;14.51
2018-02-08;14.66;10.65;14.41
2018-02-09;14.66;10.65;14.41
2018-02-10;14.66;10.65;14.41
2018-02-11;14.66;10.65;14.41
2018-02-12;14.56;10.65;14.31
2018-02-13;14.46;10.55;14.21
2018-02-14;14.31;10.55;14.06
2018-02-15;14.31;10.55;14.06
2018-02-16;14.31;10.55;14.06
2018-02-17;14.31;10.55;14.06
2018-02-18;14.31;10.55;14.06
2018-02-19;14.31;10.55;14.16
2018-02-20;14.41;10.55;14.26
2018-02-21;14.41;10.55;14.26
2018-02-22;14.51;10.65;14.36
2018-02-23;14.51;10.65;14.46
2018-02-24;14.51;10.65;14.46
2018-02-25;14.51;10.65;14.46
2018-02-26;14.51;10.65;14.56
2018-02-27;14.51;10.65;14.56
2018-02-28;14.61;10.65;14.56
2018-03-01;14.61;10.65;14.56
2018-03-02;14.61;10.65;14.46
2018-03-03;14.61;10.65;14.46
2018-03-04;14.61;10.65;14.46
2018-03-05;14.51;10.65;14.46
2018-03-06;14.51;10.65;14.46
2018-03-07;14.41;10.65;14.46
2018-03-08;14.41;10.65;14.46
2018-03-09;14.31;10.65;14.46
2018-03-10;14.31;10.65;14.46
2018-03-11;14.31;10.65;14.46
2018-03-12;14.41;10.75;14.56
2018-03-13;14.51;10.75;14.56
2018-03-14;14.51;10.75;14.56
2018-03-15;14.51;10.75;14.46
2018-03-16;14.51;10.75;14.46
2018-03-17;14.51;10.75;14.46
2018-03-18;14.51;10.75;14.46
2018-03-19;14.66;10.75;14.56
2018-03-20;14.76;10.75;14.56
2018-03-21;14.76;10.75;14.56
2018-03-22;15.01;10.75;14.76
2018-03-23;15.01;10.75;14.76
2018-03-24;15.01;10.75;14.76
2018-03-25;15.01;10.75;14.76
2018-03-26;15.16;10.75;14.86
2018-03-27;15.16;10.75;14.86
2018-03-28;15.16;10.75;14.86
2018-03-29;15.16;10.75;14.86
2018-03-30;15.16;10.75;14.86
2018-03-31;15.16;10.75;14.86
2018-04-01;15.16;10.75;14.86
2018-04-02;15.16;10.75;14.86
2018-04-03;15.26;9.91;14.86
2018-04-04;15.26;9.91;14.96
2018-04-05;15.16;9.91;14.96
2018-04-06;15.16;9.91;14.96
2018-04-07;15.16;9.91;14.96
2018-04-08;15.16;9.91;14.96
2018-04-09;15.16;9.91;14.96
2018-04-10;15.16;9.91;14.96
2018-04-11;15.26;9.91;15.06
2018-04-12;15.26;9.91;15.16
2018-04-13;15.26;9.91;15.16
2018-04-14;15.26;9.91;15.16
2018-04-15;15.26;9.91;15.16
2018-04-16;15.36;10.06;15.26
2018-04-17;15.36;10.06;15.26
2018-04-18;15.36;10.06;15.26
2018-04-19;15.36;10.06;15.26
2018-04-20;15.51;10.21;15.36
2018-04-21;15.51;10.21;15.36
2018-04-22;15.51;10.21;15.36
2018-04-23;15.41;10.21;15.26
2018-04-24;15.51;10.31;15.36
2018-04-25;15.51;10.31;15.36
2018-04-26;15.51;10.31;15.36
2018-04-27;15.51;10.31;15.46
2018-04-28;15.51;10.31;15.46
2018-04-29;15.51;10.31;15.46
2018-04-30;15.66;10.31;15.56
2018-05-01;15.66;10.31;15.56
2018-05-02;15.66;10.31;15.56
2018-05-03;15.66;10.31;15.56
2018-05-04;15.76;10.31;15.66
2018-05-05;15.76;10.31;15.66
2018-05-06;15.76;10.31;15.66
2018-05-07;15.76;10.31;15.66
2018-05-08;15.76;10.31;15.66
2018-05-09;15.86;10.41;15.66
2018-05-10;15.86;10.41;15.66
2018-05-11;15.86;10.41;15.66
2018-05-12;15.86;10.41;15.66
2018-05-13;15.86;10.41;15.66
2018-05-14;15.86;10.41;15.76
2018-05-15;15.86;10.41;15.76
2018-05-16;15.96;10.41;15.86
2018-05-17;15.96;10.41;15.86
2018-05-18;16.16;10.41;16.06
2018-05-19;16.16;10.41;16.06
2018-05-20;16.16;10.41;16.06
2018-05-21;16.16;10.41;16.06
2018-05-22;16.16;10.41;16.06
2018-05-23;16.16;10.41;16.06
2018-05-24;16.16;10.41;16.06
2018-05-25;16.16;10.41;16.06
2018-05-26;16.16;10.41;16.06
2018-05-27;16.16;10.41;16.06
2018-05-28;15.96;10.31;15.91
2018-05-29;15.96;10.31;15.91
2018-05-30;15.86;10.31;15.81
2018-05-31;15.96;10.46;15.96
2018-06-01;15.96;10.46;15.96
2018-06-02;15.96;10.46;15.96
2018-06-03;15.96;10.46;15.96
2018-06-04;15.96;10.46;15.86
2018-06-05;15.96;10.46;15.86
2018-06-06;15.96;10.46;15.86
2018-06-07;15.76;10.46;15.61
2018-06-08;15.76;10.46;15.61
2018-06-09;15.76;10.46;15.61
2018-06-10;15.76;10.46;15.61
2018-06-11;15.86;10.46;15.71
2018-06-12;15.86;10.46;15.71
2018-06-13;15.76;10.46;15.61
2018-06-14;15.76;10.46;15.61
2018-06-15;15.61;10.46;15.51
2018-06-16;15.61;10.46;15.51
2018-06-17;15.61;10.46;15.51
2018-06-18;15.51;10.36;15.41
2018-06-19;15.61;10.36;15.51
2018-06-20;15.71;10.36;15.61
2018-06-21;15.71;10.36;15.61
2018-06-22;15.71;10.36;15.61
2018-06-23;15.71;10.36;15.61
2018-06-24;15.71;10.36;15.61
2018-06-25;15.81;10.36;15.61
2018-06-26;15.81;10.36;15.61
2018-06-27;15.71;10.36;15.51
2018-06-28;15.91;10.46;15.71
2018-06-29;16.01;10.46;15.81
2018-06-30;16.01;10.46;15.81
2018-07-01;16.01;10.46;15.81
2018-07-02;16.11;10.46;15.91
2018-07-03;16.11;10.46;15.91
2018-07-04;16.01;10.46;15.81
2018-07-05;16.01;10.46;15.81
2018-07-06;15.91;10.46;15.81
2018-07-07;15.91;10.46;15.81
2018-07-08;15.91;10.46;15.81
2018-07-09;15.91;10.46;15.71
2018-07-10;15.91;10.46;15.71
2018-07-11;16.01;10.46;15.81
2018-07-12;16.01;10.46;15.81
2018-07-13;15.81;10.46;15.61
2018-07-14;15.81;10.46;15.61
2018-07-15;15.81;10.46;15.61
2018-07-16;15.96;10.46;15.81
2018-07-17;15.71;10.46;15.66
2018-07-18;15.71;10.46;15.66
2018-07-19;15.71;10.46;15.66
2018-07-20;15.81;10.46;15.76
2018-07-21;15.81;10.46;15.76
2018-07-22;15.81;10.46;15.76
2018-07-23;15.91;10.46;15.76
2018-07-24;15.91;10.46;15.76
2018-07-25;16.06;10.46;15.76
2018-07-26;16.06;10.46;15.76
2018-07-27;16.16;10.56;15.76
2018-07-28;16.16;10.56;15.76
2018-07-29;16.16;10.56;15.76
2018-07-30;16.16;10.56;15.76
2018-07-31;16.06;10.56;15.76
2018-08-01;16.06;10.56;15.76
2018-08-02;16.16;10.76;15.76
2018-08-03;16.16;10.76;15.76
2018-08-04;16.16;10.76;15.76
2018-08-05;16.16;10.76;15.76
2018-08-06;16.26;10.86;15.86
2018-08-07;16.26;10.86;15.86
2018-08-08;16.26;10.86;15.86
2018-08-09;16.06;10.86;15.76
2018-08-10;16.06;10.86;15.76
2018-08-11;16.06;10.86;15.76
2018-08-12;16.06;10.86;15.76
2018-08-13;16.16;10.96;15.91
2018-08-14;16.16;10.96;16.06
2018-08-15;16.16;10.96;16.06
2018-08-16;16.06;10.96;15.91
2018-08-17;16.06;10.96;15.91
2018-08-18;16.06;10.96;15.91
2018-08-19;16.06;10.96;15.91
2018-08-20;16.16;11.06;16.01
2018-08-21;16.16;11.06;16.01
2018-08-22;16.16;11.06;16.01
2018-08-23;16.31;11.06;16.11
2018-08-24;16.31;11.06;16.11
2018-08-25;16.31;11.06;16.11
2018-08-26;16.31;11.06;16.11
2018-08-27;16.46;11.06;16.26
2018-08-28;16.46;11.06;16.26
2018-08-29;16.46;11.06;16.26
2018-08-30;16.46;11.06;16.26
2018-08-31;16.56;11.06;16.36
2018-09-01;16.56;11.06;16.36
2018-09-02;16.56;11.06;16.36
2018-09-03;16.56;11.06;16.36
2018-09-04;16.56;11.06;16.46
2018-09-05;16.41;11.06;16.46
2018-09-06;16.26;10.96;16.36
2018-09-07;16.16;10.96;16.26
2018-09-08;16.16;10.96;16.26
2018-09-09;16.16;10.96;16.26
2018-09-10;16.16;10.96;16.26
2018-09-11;16.06;10.86;16.26
2018-09-12;16.06;10.86;16.26
2018-09-13;16.16;10.86;16.26
2018-09-14;16.06;10.76;16.16
2018-09-15;16.06;10.76;16.16
2018-09-16;16.06;10.76;16.16
2018-09-17;16.06;10.76;16.16
2018-09-18;16.06;10.76;16.26
2018-09-19;15.96;10.76;16.16
2018-09-20;15.86;10.76;16.06
2018-09-21;15.86;10.76;15.96
2018-09-22;15.86;10.76;15.96
2018-09-23;15.86;10.76;15.96
2018-09-24;15.76;10.76;15.86
2018-09-25;15.86;10.76;16.01
2018-09-26;15.86;10.76;16.11
2018-09-27;15.86;10.76;16.11
2018-09-28;15.86;10.76;16.21
2018-09-29;15.86;10.76;16.21
2018-09-30;15.86;10.76;16.21
2018-10-01;15.96;10.76;16.36
2018-10-02;16.16;10.76;16.56
2018-10-03;16.26;10.76;16.66
2018-10-04;16.26;10.76;16.66
2018-10-05;16.26;10.76;16.86
2018-10-06;16.26;10.76;16.86
2018-10-07;16.26;10.76;16.86
2018-10-08;16.26;10.76;16.86
2018-10-09;16.16;10.76;16.86
2018-10-10;16.16;10.76;17.01
2018-10-11;16.16;10.76;17.01
2018-10-12;15.91;10.66;16.81
2018-10-13;15.91;10.66;16.81
2018-10-14;15.91;10.66;16.81
2018-10-15;15.76;10.66;16.66
2018-10-16;15.66;10.56;16.56
2018-10-17;15.66;10.46;16.46
2018-10-18;15.66;10.46;16.46
2018-10-19;15.66;10.46;16.46
2018-10-20;15.66;10.46;16.46
2018-10-21;15.66;10.46;16.46
2018-10-22;15.81;10.46;16.61
2018-10-23;15.81;10.46;16.61
2018-10-24;15.66;10.46;16.51
2018-10-25;15.66;10.61;16.71
2018-10-26;15.66;10.61;16.71
2018-10-27;15.66;10.61;16.71
2018-10-28;15.66;10.61;16.71
2018-10-29;15.56;10.61;16.71
2018-10-30;15.71;10.76;16.71
2018-10-31;15.71;10.76;16.71
2018-11-01;15.71;11.56;16.71
2018-11-02;15.46;11.41;16.51
2018-11-03;15.46;11.41;16.51
2018-11-04;15.46;11.41;16.51
2018-11-05;15.31;11.41;16.36
2018-11-06;15.31;11.41;16.36
2018-11-07;15.21;11.31;16.36
2018-11-08;15.21;11.31;16.46
2018-11-09;15.06;11.31;16.31
2018-11-10;15.06;11.31;16.31
2018-11-11;15.06;11.31;16.31
2018-11-12;15.06;11.31;16.31
2018-11-13;15.16;11.31;16.46
2018-11-14;15.01;11.31;16.26
2018-11-15;14.91;11.31;16.26
2018-11-16;14.91;11.31;16.26
2018-11-17;14.91;11.31;16.26
2018-11-18;14.91;11.31;16.26
2018-11-19;14.91;11.31;16.26
2018-11-20;14.91;11.31;16.11
2018-11-21;14.76;11.31;15.96
2018-11-22;14.76;11.31;15.96
2018-11-23;14.66;11.31;15.86
2018-11-24;14.66;11.31;15.86
2018-11-25;14.66;11.31;15.86
2018-11-26;14.41;11.31;15.61
2018-11-27;14.41;11.31;15.61
2018-11-28;14.41;11.31;15.61
2018-11-29;14.31;11.31;15.46
2018-11-30;14.31;11.31;15.46
2018-12-01;14.31;11.31;15.46
2018-12-02;14.31;11.31;15.46
2018-12-03;14.41;11.51;15.31
2018-12-04;14.41;11.51;15.46
2018-12-05;14.41;11.51;15.46
2018-12-06;14.51;11.71;15.46
2018-12-07;14.36;11.71;15.31
2018-12-08;14.36;11.71;15.31
2018-12-09;14.36;11.71;15.31
2018-12-10;14.61;11.96;15.56
2018-12-11;14.51;11.96;15.46
2018-12-12;14.51;11.96;15.46
2018-12-13;14.61;12.06;15.46
2018-12-14;14.61;12.06;15.46
2018-12-15;14.61;12.06;15.46
2018-12-16;14.61;12.06;15.46
2018-12-17;14.51;12.06;15.36
2018-12-18;14.51;12.06;15.36
2018-12-19;14.31;12.06;15.16
2018-12-20;14.31;12.06;15.16
2018-12-21;14.16;12.06;14.96
2018-12-22;14.16;12.06;14.96
2018-12-23;14.16;12.06;14.96
2018-12-24;14.16;12.06;14.96
2018-12-25;14.16;12.06;14.96
2018-12-26;14.16;12.06;14.96
2018-12-27;14.01;11.91;14.71
2018-12-28;14.11;11.91;14.71
2018-12-29;14.11;11.91;14.71
2018-12-30;14.11;11.91;14.71
2018-12-31;14.11;11.91;14.71
2019-01-01;14.44;11.99;14.94
2019-01-02;14.34;11.99;14.74
2019-01-03;14.54;11.99;14.84
2019-01-04;14.54;11.99;14.84
2019-01-05;14.54;11.99;14.84
2019-01-06;14.54;11.99;14.84
2019-01-07;14.54;11.99;14.99
2019-01-08;14.54;11.99;14.99
2019-01-09;14.54;11.99;15.09
2019-01-10;14.69;11.99;15.29
2019-01-11;14.69;11.99;15.39
2019-01-12;14.69;11.99;15.39
2019-01-13;14.69;11.99;15.39
2019-01-14;14.69;11.99;15.39
2019-01-15;14.69;11.99;15.49
2019-01-16;14.69;11.99;15.49
2019-01-17;14.69;11.99;15.49
2019-01-18;14.69;11.99;15.49
2019-01-19;14.69;11.99;15.49
2019-01-20;14.69;11.99;15.49
2019-01-21;14.84;11.99;15.64
2019-01-22;14.84;11.99;15.64
2019-01-23;14.84;11.99;15.64
2019-01-24;14.69;11.89;15.54
2019-01-25;14.69;11.89;15.54
2019-01-26;14.69;11.89;15.54
2019-01-27;14.69;11.89;15.54
2019-01-28;14.69;11.89;15.54
2019-01-29;14.59;11.89;15.44
2019-01-30;14.69;11.89;15.54
2019-01-31;14.69;11.89;15.54
2019-02-01;14.79;11.89;15.64
2019-02-02;14.79;11.89;15.64
2019-02-03;14.79;11.89;15.64
2019-02-04;14.79;11.79;15.54
2019-02-05;14.79;11.79;15.54
2019-02-06;14.89;11.79;15.64
2019-02-07;14.89;11.79;15.64
2019-02-08;14.79;11.79;15.64
2019-02-09;14.79;11.79;15.64
2019-02-10;14.79;11.79;15.64
2019-02-11;14.89;11.89;15.79
2019-02-12;14.89;11.89;15.79
2019-02-13;14.99;11.89;15.89
2019-02-14;15.09;11.89;15.99
2019-02-15;15.19;11.89;15.99
2019-02-16;15.19;11.89;15.99
2019-02-17;15.19;11.89;15.99
2019-02-18;15.34;11.89;16.19
2019-02-19;15.34;11.89;16.19
2019-02-20;15.34;11.89;16.09
2019-02-21;15.34;11.89;16.09
2019-02-22;15.34;11.89;16.24
2019-02-23;15.34;11.89;16.24
2019-02-24;15.34;11.89;16.24
2019-02-25;15.34;11.89;16.24
2019-02-26;15.19;11.89;16.09
2019-02-27;15.19;11.89;16.09
2019-02-28;15.19;11.89;16.09
2019-03-01;15.19;11.89;16.09
2019-03-02;15.19;11.89;16.09
2019-03-03;15.19;11.89;16.09
2019-03-04;15.19;11.89;16.09
2019-03-05;15.34;11.89;16.19
2019-03-06;15.34;11.89;16.19
2019-03-07;15.44;11.99;16.19
2019-03-08;15.44;11.99;16.19
2019-03-09;15.44;11.99;16.19
2019-03-10;15.44;11.99;16.19
2019-03-11;15.44;11.99;16.19
2019-03-12;15.54;12.14;16.19
2019-03-13;15.54;12.14;16.19
2019-03-14;15.54;12.14;16.19
2019-03-15;15.54;12.14;16.09
2019-03-16;15.54;12.14;16.09
2019-03-17;15.54;12.14;16.09
2019-03-18;15.39;12.14;15.99
2019-03-19;15.39;12.14;15.99
2019-03-20;15.49;12.24;15.99
2019-03-21;15.59;12.24;15.99
2019-03-22;15.84;12.24;15.99
2019-03-23;15.84;12.24;15.99
2019-03-24;15.84;12.24;15.99
2019-03-25;15.94;12.24;15.99
2019-03-26;16.04;12.24;16.09
2019-03-27;16.14;12.24;16.09
2019-03-28;16.14;12.24;16.09
2019-03-29;16.04;12.24;16.09
2019-03-30;16.04;12.24;16.09
2019-03-31;16.04;12.24;16.09
2019-04-01;16.04;11.4;15.99
2019-04-02;16.04;11.4;15.99
2019-04-03;16.24;11.6;16.14
2019-04-04;16.24;11.6;16.14
2019-04-05;16.34;11.75;16.14
2019-04-06;16.34;11.75;16.14
2019-04-07;16.34;11.75;16.14
2019-04-08;16.34;11.75;16.14
2019-04-09;16.44;11.85;16.24
2019-04-10;16.44;11.85;16.24
2019-04-11;16.54;11.85;16.24
2019-04-12;16.54;11.85;16.24
2019-04-13;16.54;11.85;16.24
2019-04-14;16.54;11.85;16.24
2019-04-15;16.54;11.95;16.34
2019-04-16;16.54;11.95;16.34
2019-04-17;16.44;11.95;16.34
2019-04-18;16.44;11.95;16.34
2019-04-19;16.44;11.95;16.34
2019-04-20;16.44;11.95;16.34
2019-04-21;16.44;11.95;16.34
2019-04-22;16.44;11.95;16.34
2019-04-23;16.54;11.95;16.34
2019-04-24;16.69;11.95;16.44
2019-04-25;16.69;11.95;16.44
2019-04-26;16.79;11.95;16.54
2019-04-27;16.79;11.95;16.54
2019-04-28;16.79;11.95;16.54
2019-04-29;16.69;11.95;16.39
2019-04-30;16.69;11.95;16.39
2019-05-01;16.69;11.95;16.39
2019-05-02;16.89;12.1;16.54
2019-05-03;16.79;12.1;16.54
2019-05-04;16.79;12.1;16.54
2019-05-05;16.79;12.1;16.54
2019-05-06;16.79;12.1;16.69
2019-05-07;16.79;12.1;16.69
2019-05-08;16.69;12.1;16.59
2019-05-09;16.69;12.1;16.59
2019-05-10;16.69;12.1;16.59
2019-05-11;16.69;12.1;16.59
2019-05-12;16.69;12.1;16.59
2019-05-13;16.89;12.25;16.69
2019-05-14;16.89;12.25;16.69
2019-05-15;16.89;12.25;16.69
2019-05-16;16.99;12.25;16.79
2019-05-17;17.14;12.25;16.94
2019-05-18;17.14;12.25;16.94
2019-05-19;17.14;12.25;16.94
2019-05-20;17.14;12.25;16.84
2019-05-21;17.14;12.25;16.84
2019-05-22;17.14;12.25;16.74
2019-05-23;16.99;12.25;16.59
2019-05-24;16.84;12.25;16.39
2019-05-25;16.84;12.25;16.39
2019-05-26;16.84;12.25;16.39
2019-05-27;16.84;12.25;16.29
2019-05-28;16.99;12.4;16.39
2019-05-29;16.99;12.4;16.39
2019-05-30;16.99;12.4;16.39
2019-05-31;16.79;12.4;16.19
2019-06-01;16.79;12.4;16.19
2019-06-02;16.79;12.4;16.19
2019-06-03;16.59;12.4;16.04
2019-06-04;16.29;12.4;15.89
2019-06-05;16.04;12.4;15.79
2019-06-06;16.04;12.4;15.79
2019-06-07;15.79;12.4;15.64
2019-06-08;15.79;12.4;15.64
2019-06-09;15.79;12.4;15.64
2019-06-10;15.79;12.4;15.74
2019-06-11;15.79;12.4;15.74
2019-06-12;15.79;12.4;15.74
2019-06-13;15.79;12.3;15.64
2019-06-14;15.79;12.3;15.74
2019-06-15;15.79;12.3;15.74
2019-06-16;15.79;12.3;15.74
2019-06-17;15.79;12.3;15.74
2019-06-18;15.79;12.3;15.74
2019-06-19;15.79;12.3;15.74
2019-06-20;15.79;12.3;15.84
2019-06-21;15.79;12.3;15.84
2019-06-22;15.79;12.3;15.84
2019-06-23;15.79;12.3;15.84
2019-06-24;15.99;12.3;16.04
2019-06-25;15.99;12.3;16.04
2019-06-26;15.99;12.3;16.04
2019-06-27;16.09;12.3;16.04
2019-06-28;16.09;12.3;15.94
2019-06-29;16.09;12.3;15.94
2019-06-30;16.09;12.3;15.94
2019-07-01;15.93;12.28;15.83
2019-07-02;15.93;12.28;15.83
2019-07-03;15.83;12.28;15.73
2019-07-04;15.83;12.28;15.73
2019-07-05;15.83;12.28;15.73
2019-07-06;15.83;12.28;15.73
2019-07-07;15.83;12.28;15.73
2019-07-08;15.98;12.43;15.73
2019-07-09;15.98;12.43;15.73
2019-07-10;15.98;12.43;15.83
2019-07-11;16.18;12.68;16.08
2019-07-12;16.28;12.78;16.18
2019-07-13;16.28;12.78;16.18
2019-07-14;16.28;12.78;16.18
2019-07-15;16.28;12.78;16.18
2019-07-16;16.13;12.78;16.08
2019-07-17;16.13;12.78;16.08
2019-07-18;15.98;12.78;15.88
2019-07-19;15.83;12.78;15.73
2019-07-20;15.83;12.78;15.73
2019-07-21;15.83;12.78;15.73
2019-07-22;15.83;12.78;15.73
2019-07-23;15.83;12.78;15.88
2019-07-24;15.93;12.78;15.98
2019-07-25;15.93;12.78;16.08
2019-07-26;15.93;12.78;16.08
2019-07-27;15.93;12.78;16.08
2019-07-28;15.93;12.78;16.08
2019-07-29;15.93;12.78;16.08
2019-07-30;16.03;12.78;16.08
2019-07-31;16.03;12.78;16.08
2019-08-01;16.18;12.78;16.23
2019-08-02;16.18;12.78;16.23
2019-08-03;16.18;12.78;16.23
2019-08-04;16.18;12.78;16.23
2019-08-05;16.08;12.68;16.13
2019-08-06;16.08;12.68;16.13
2019-08-07;15.88;12.43;15.98
2019-08-08;15.63;12.28;15.78
2019-08-09;15.63;12.28;15.78
2019-08-10;15.63;12.28;15.78
2019-08-11;15.63;12.28;15.78
2019-08-12;15.63;12.28;15.78
2019-08-13;15.63;12.28;15.78
2019-08-14;15.78;12.28;15.98
2019-08-15;15.58;12.13;15.88
2019-08-16;15.58;12.13;15.88
2019-08-17;15.58;12.13;15.88
2019-08-18;15.58;12.13;15.88
2019-08-19;15.68;12.13;15.98
2019-08-20;15.68;12.13;15.98
2019-08-21;15.68;12.13;16.08
2019-08-22;15.68;12.13;16.08
2019-08-23;15.68;12.13;16.08
2019-08-24;15.68;12.13;16.08
2019-08-25;15.68;12.13;16.08
2019-08-26;15.68;12.13;16.08
2019-08-27;15.68;12.13;16.08
2019-08-28;15.68;12.13;16.08
2019-08-29;15.78;12.13;16.18
2019-08-30;15.68;11.88;16.18
2019-08-31;15.68;11.88;16.18
2019-09-01;15.68;11.88;16.18
2019-09-02;15.58;11.78;16.18
2019-09-03;15.58;11.78;16.18
2019-09-04;15.48;11.78;16.18
2019-09-05;15.58;11.88;16.28
2019-09-06;15.68;11.88;16.28
2019-09-07;15.68;11.88;16.28
2019-09-08;15.68;11.88;16.28
2019-09-09;15.53;11.88;16.18
2019-09-10;15.53;11.88;16.28
2019-09-11;15.53;11.88;16.38
2019-09-12;15.38;11.73;16.23
2019-09-13;15.38;11.73;16.23
2019-09-14;15.38;11.73;16.23
2019-09-15;15.38;11.73;16.23
2019-09-16;15.53;11.83;16.38
2019-09-17;15.93;11.93;16.68
2019-09-18;15.93;11.93;16.58
2019-09-19;15.83;11.93;16.58
2019-09-20;15.83;11.93;16.58
2019-09-21;15.83;11.93;16.58
2019-09-22;15.83;11.93;16.58
2019-09-23;15.83;11.93;16.48
2019-09-24;15.83;11.93;16.48
2019-09-25;15.83;11.93;16.48
2019-09-26;15.68;11.83;16.38
2019-09-27;15.78;11.83;16.38
2019-09-28;15.78;11.83;16.38
2019-09-29;15.78;11.83;16.38
2019-09-30;15.88;11.83;16.48
2019-10-01;15.88;11.83;16.48
2019-10-02;15.88;11.83;16.48
2019-10-03;15.73;11.83;16.33
2019-10-04;15.83;11.98;16.33
2019-10-05;15.83;11.98;16.33
2019-10-06;15.83;11.98;16.33
2019-10-07;15.93;12.08;16.43
2019-10-08;15.93;12.08;16.43
2019-10-09;15.93;12.08;16.43
2019-10-10;15.78;12.08;16.43
2019-10-11;15.78;12.08;16.43
2019-10-12;15.78;12.08;16.43
2019-10-13;15.78;12.08;16.43
2019-10-14;15.78;12.08;16.43
2019-10-15;15.63;12.08;16.33
2019-10-16;15.63;12.08;16.33
2019-10-17;15.63;12.08;16.33
2019-10-18;15.53;12.08;16.33
2019-10-19;15.53;12.08;16.33
2019-10-20;15.53;12.08;16.33
2019-10-21;15.53;12.08;16.33
2019-10-22;15.53;12.08;16.33
2019-10-23;15.63;12.08;16.33
2019-10-24;15.63;12.08;16.33
2019-10-25;15.63;12.08;16.33
2019-10-26;15.63;12.08;16.33
2019-10-27;15.63;12.08;16.33
2019-10-28;15.78;12.08;16.33
2019-10-29;15.78;12.08;16.33
2019-10-30;15.78;12.08;16.33
2019-10-31;15.78;12.08;16.23
2019-11-01;15.68;12.74;16.13
2019-11-02;15.68;12.74;16.13
2019-11-03;15.68;12.74;16.13
2019-11-04;15.78;12.74;16.13
2019-11-05;15.88;12.74;16.13
2019-11-06;15.88;12.74;16.13
2019-11-07;15.78;12.74;16.13
2019-11-08;15.78;12.74;16.13
2019-11-09;15.78;12.74;16.13
2019-11-10;15.78;12.74;16.13
2019-11-11;15.63;12.74;16.13
2019-11-12;15.63;12.74;16.28
2019-11-13;15.63;12.74;16.28
2019-11-14;15.73;12.84;16.28
2019-11-15;15.73;12.84;16.28
2019-11-16;15.73;12.84;16.28
2019-11-17;15.73;12.84;16.28
2019-11-18;15.73;12.84;16.28
2019-11-19;15.58;12.84;16.18
2019-11-20;15.58;12.84;16.18
2019-11-21;15.78;13.09;16.18
2019-11-22;15.78;13.09;16.18
2019-11-23;15.78;13.09;16.18
2019-11-24;15.78;13.09;16.18
2019-11-25;15.78;13.09;16.18
2019-11-26;15.68;13.09;16.18
2019-11-27;15.78;13.09;16.28
2019-11-28;15.78;13.09;16.28
2019-11-29;15.78;13.09;16.28
2019-11-30;15.78;13.09;16.28
2019-12-01;15.78;13.09;16.28
2019-12-02;15.68;13.09;16.13
2019-12-03;15.58;13.09;16.03
2019-12-04;15.48;13.09;15.93
2019-12-05;15.58;13.24;16.08
2019-12-06;15.58;13.24;16.08
2019-12-07;15.58;13.24;16.08
2019-12-08;15.58;13.24;16.08
2019-12-09;15.68;13.39;16.18
2019-12-10;15.68;13.39;16.18
2019-12-11;15.68;13.39;16.28
2019-12-12;15.58;13.39;16.18
2019-12-13;15.58;13.39;16.18
2019-12-14;15.58;13.39;16.18
2019-12-15;15.58;13.39;16.18
2019-12-16;15.58;13.39;16.18
2019-12-17;15.68;13.49;16.28
2019-12-18;15.68;13.49;16.28
2019-12-19;15.68;13.49;16.38
2019-12-20;15.78;13.49;16.38
2019-12-21;15.78;13.49;16.38
2019-12-22;15.78;13.49;16.38
2019-12-23;15.78;13.49;16.38
2019-12-24;15.78;13.49;16.38
2019-12-25;15.78;13.49;16.38
2019-12-26;15.78;13.49;16.38
2019-12-27;15.88;13.49;16.48
2019-12-28;15.88;13.49;16.48
2019-12-29;15.88;13.49;16.48
2019-12-30;15.88;13.49;16.48
2019-12-31;15.88;13.49;16.48
2020-01-01;16.03;13.53;16.58
2020-01-02;16.13;13.53;16.83
2020-01-03;16.13;13.53;16.83
2020-01-04;16.13;13.53;16.83
2020-01-05;16.13;13.53;16.83
2020-01-06;16.13;13.53;16.83
2020-01-07;16.23;13.53;16.93
2020-01-08;16.13;13.43;16.93
2020-01-09;16.03;13.33;16.83
2020-01-10;16.03;13.33;16.83
2020-01-11;16.03;13.33;16.83
2020-01-12;16.03;13.33;16.83
2020-01-13;16.13;13.33;16.83
2020-01-14;15.98;13.18;16.68
2020-01-15;15.98;13.18;16.68
2020-01-16;16.18;13.18;16.68
2020-01-17;16.18;13.18;16.58
2020-01-18;16.18;13.18;16.58
2020-01-19;16.18;13.18;16.58
2020-01-20;16.18;13.18;16.58
2020-01-21;16.18;13.18;16.58
2020-01-22;16.23;13.28;16.58
2020-01-23;16.13;13.28;16.43
2020-01-24;15.98;13.28;16.33
2020-01-25;15.98;13.28;16.33
2020-01-26;15.98;13.28;16.33
2020-01-27;15.83;13.28;16.33
2020-01-28;15.63;13.28;16.13
2020-01-29;15.63;13.28;16.13
2020-01-30;15.73;13.28;16.13
2020-01-31;15.63;13.28;16.03
2020-02-01;15.63;13.28;16.03
2020-02-02;15.63;13.28;16.03
2020-02-03;15.63;13.18;15.93
2020-02-04;15.53;13.18;15.78
2020-02-05;15.53;13.18;15.78
2020-02-06;15.53;13.18;15.93
2020-02-07;15.53;13.18;15.93
2020-02-08;15.53;13.18;15.93
2020-02-09;15.53;13.18;15.93
2020-02-10;15.63;13.18;16.03
2020-02-11;15.53;13.18;16.03
2020-02-12;15.43;12.98;15.93
2020-02-13;15.43;12.98;15.93
2020-02-14;15.53;12.98;16.03
2020-02-15;15.53;12.98;16.03
2020-02-16;15.53;12.98;16.03
2020-02-17;15.53;12.98;16.03
2020-02-18;15.53;12.98;16.03
2020-02-19;15.53;12.98;16.03
2020-02-20;15.78;13.08;16.23
2020-02-21;15.88;13.08;16.23
2020-02-22;15.88;13.08;16.23
2020-02-23;15.88;13.08;16.23
2020-02-24;15.78;13.08;16.13
2020-02-25;15.63;13.08;15.98
2020-02-26;15.53;12.98;15.88
2020-02-27;15.38;12.98;15.78
2020-02-28;15.08;12.98;15.53
2020-02-29;15.08;12.98;15.53
2020-03-01;15.08;12.98;15.53
2020-03-02;14.93;12.98;15.43
2020-03-03;14.93;12.98;15.43
2020-03-04;14.93;12.98;15.43
2020-03-05;14.93;12.98;15.43
2020-03-06;14.93;12.98;15.43
2020-03-07;14.93;12.98;15.43
2020-03-08;14.93;12.98;15.43
2020-03-09;14.58;12.63;15.08
2020-03-10;14.23;12.48;14.78
2020-03-11;14.23;12.48;14.78
2020-03-12;13.98;12.23;14.78
2020-03-13;13.63;11.98;14.63
2020-03-14;13.63;11.98;14.63
2020-03-15;13.63;11.98;14.63
2020-03-16;13.43;11.98;14.63
2020-03-17;13.13;11.58;14.33
2020-03-18;13.13;11.58;14.33
2020-03-19;12.98;11.18;14.13
2020-03-20;12.98;11.18;14.28
2020-03-21;12.98;11.18;14.28
2020-03-22;12.98;11.18;14.28
2020-03-23;12.98;11.18;14.38
2020-03-24;12.68;10.78;14.38
2020-03-25;12.68;10.78;14.38
2020-03-26;12.68;10.78;14.38
2020-03-27;12.78;10.78;14.38
2020-03-28;12.78;10.78;14.38
2020-03-29;12.78;10.78;14.38
2020-03-30;12.68;10.53;14.28
2020-03-31;12.58;10.53;14.18
2020-04-01;12.68;9.69;14.18
2020-04-02;12.48;9.69;14.03
2020-04-03;12.73;9.94;14.03
2020-04-04;12.73;9.94;14.03
2020-04-05;12.73;9.94;14.03
2020-04-06;12.73;10.19;14.23
2020-04-07;12.73;10.19;14.23
2020-04-08;12.73;10.19;14.23
2020-04-09;12.73;10.19;14.23
2020-04-10;12.73;10.19;14.23
2020-04-11;12.73;10.19;14.23
2020-04-12;12.73;10.19;14.23
2020-04-13;12.73;10.19;14.23
2020-04-14;12.73;10.19;14.13
2020-04-15;12.63;10.19;13.93
2020-04-16;12.63;10.19;13.73
2020-04-17;12.73;10.29;13.83
2020-04-18;12.73;10.29;13.83
2020-04-19;12.73;10.29;13.83
2020-04-20;12.73;10.29;13.83
2020-04-21;12.63;10.29;13.68
2020-04-22;12.28;10.29;13.38
2020-04-23;12.43;10.29;13.38
2020-04-24;12.63;10.29;13.58
2020-04-25;12.63;10.29;13.58
2020-04-26;12.63;10.29;13.58
2020-04-27;12.48;10.29;13.43
2020-04-28;12.48;10.29;13.33
2020-04-29;12.48;10.29;13.33
2020-04-30;12.63;10.29;13.33
2020-05-01;12.63;10.29;13.33
2020-05-02;12.63;10.29;13.33
2020-05-03;12.63;10.29;13.33
2020-05-04;12.63;10.29;13.33
2020-05-05;12.63;10.29;13.33
2020-05-06;12.88;10.54;13.58
2020-05-07;12.88;10.54;13.48
2020-05-08;13.13;10.54;13.58
2020-05-09;13.13;10.54;13.58
2020-05-10;13.13;10.54;13.58
2020-05-11;13.13;10.54;13.58
2020-05-12;13.23;10.54;13.58
2020-05-13;13.23;10.54;13.58
2020-05-14;13.23;10.54;13.58
2020-05-15;13.23;10.54;13.58
2020-05-16;13.23;10.54;13.58
2020-05-17;13.23;10.54;13.58
2020-05-18;13.38;10.74;13.73
2020-05-19;13.63;10.89;13.98
2020-05-20;13.63;10.89;13.98
2020-05-21;13.63;10.89;13.98
2020-05-22;13.63;10.89;13.98
2020-05-23;13.63;10.89;13.98
2020-05-24;13.63;10.89;13.98
2020-05-25;13.63;10.89;13.98
2020-05-26;13.63;10.89;13.98
2020-05-27;13.73;10.89;13.98
2020-05-28;13.63;10.89;13.88
2020-05-29;13.53;10.89;13.78
2020-05-30;13.53;10.89;13.78
2020-05-31;13.53;10.89;13.78
2020-06-01;13.53;10.89;13.78
2020-06-02;13.53;10.89;13.78
2020-06-03;13.73;10.89;14.03
2020-06-04;13.73;10.89;14.03
2020-06-05;13.83;10.89;14.03
2020-06-06;13.83;10.89;14.03
2020-06-07;13.83;10.89;14.03
2020-06-08;13.98;10.89;14.13
2020-06-09;13.98;10.89;14.13
2020-06-10;13.98;10.89;14.13
2020-06-11;13.98;10.89;14.13
2020-06-12;13.98;10.89;14.03
2020-06-13;13.98;10.89;14.03
2020-06-14;13.98;10.89;14.03
2020-06-15;13.98;10.89;14.13
2020-06-16;13.98;11.09;14.23
2020-06-17;14.08;11.29;14.33
2020-06-18;14.08;11.29;14.33
2020-06-19;14.08;11.29;14.33
2020-06-20;14.08;11.29;14.33
2020-06-21;14.08;11.29;14.33
2020-06-22;14.33;11.29;14.53
2020-06-23;14.33;11.29;14.53
2020-06-24;14.48;11.54;14.53
2020-06-25;14.28;11.54;14.38
2020-06-26;14.28;11.54;14.38
2020-06-27;14.28;11.54;14.38
2020-06-28;14.28;11.54;14.38
2020-06-29;14.13;11.54;14.28
2020-06-30;14.13;11.54;14.28
2020-07-01;14.28;11.74;14.43
2020-07-02;14.28;11.74;14.43
2020-07-03;14.28;11.74;14.43
2020-07-04;14.28;11.74;14.43
2020-07-05;14.28;11.74;14.43
2020-07-06;14.43;11.89;14.53
2020-07-07;14.43;11.89;14.63
2020-07-08;14.43;11.89;14.63
2020-07-09;14.43;11.89;14.63
2020-07-10;14.43;11.89;14.53
2020-07-11;14.43;11.89;14.53
2020-07-12;14.43;11.89;14.53
2020-07-13;14.43;11.89;14.53
2020-07-14;14.33;11.89;14.53
2020-07-15;14.33;11.89;14.53
2020-07-16;14.33;11.89;14.43
2020-07-17;14.23;11.89;14.43
2020-07-18;14.23;11.89;14.43
2020-07-19;14.23;11.89;14.43
2020-07-20;14.13;11.89;14.43
2020-07-21;14.13;11.89;14.43
2020-07-22;14.28;12.04;14.53
2020-07-23;14.28;12.04;14.43
2020-07-24;14.18;12.04;14.33
2020-07-25;14.18;12.04;14.33
2020-07-26;14.18;12.04;14.33
2020-07-27;14.18;12.04;14.33
2020-07-28;14.08;12.04;14.23
2020-07-29;14.08;12.04;14.23
2020-07-30;14.08;12.04;14.23
2020-07-31;13.98;12.04;14.13
2020-08-01;13.98;12.04;14.13
2020-08-02;13.98;12.04;14.13
2020-08-03;13.88;12.04;14.13
2020-08-04;14.03;12.24;14.28
2020-08-05;14.03;12.24;14.28
2020-08-06;14.13;12.54;14.38
2020-08-07;14.13;12.54;14.28
2020-08-08;14.13;12.54;14.28
2020-08-09;14.13;12.54;14.28
2020-08-10;14.13;12.54;14.28
2020-08-11;14.13;12.54;14.28
2020-08-12;14.23;12.84;14.28
2020-08-13;14.23;12.84;14.28
2020-08-14;14.23;12.84;14.18
2020-08-15;14.23;12.84;14.18
2020-08-16;14.23;12.84;14.18
2020-08-17;14.23;12.84;14.18
2020-08-18;14.23;12.84;14.18
2020-08-19;14.23;12.84;14.18
2020-08-20;14.23;12.84;14.18
2020-08-21;14.33;13.09;14.18
2020-08-22;14.33;13.09;14.18
2020-08-23;14.33;13.09;14.18
2020-08-24;14.23;13.09;14.03
2020-08-25;14.38;13.29;14.13
2020-08-26;14.38;13.29;14.13
2020-08-27;14.38;13.29;14.13
2020-08-28;14.23;13.29;14.03
2020-08-29;14.23;13.29;14.03
2020-08-30;14.23;13.29;14.03
2020-08-31;14.23;13.29;14.03
2020-09-01;14.23;13.29;14.03
2020-09-02;14.23;13.29;14.03
2020-09-03;14.23;13.29;14.03
2020-09-04;14.23;13.29;13.93
2020-09-05;14.13;13.29;13.93
2020-09-06;14.13;13.29;13.83
2020-09-07;13.98;13.29;13.68
2020-09-08;13.98;13.29;13.68
2020-09-09;13.98;13.29;13.68
2020-09-10;13.98;13.29;13.68
2020-09-11;13.98;13.29;13.68
2020-09-12;13.98;13.29;13.68
2020-09-13;13.98;13.29;13.68
2020-09-14;13.98;13.29;13.68
2020-09-15;13.98;13.29;13.68
2020-09-16;14.08;13.49;13.68
2020-09-17;14.23;13.69;13.78
2020-09-18;14.38;13.89;13.93
2020-09-19;14.38;13.89;13.93
2020-09-20;14.38;13.89;13.93
2020-09-21;14.38;13.89;13.93
2020-09-22;14.18;13.89;13.78
2020-09-23;14.18;13.89;13.78
2020-09-24;14.18;13.89;13.78
2020-09-25;14.18;13.89;13.78
2020-09-26;14.18;13.89;13.78
2020-09-27;14.18;13.89;13.78
2020-09-28;14.28;13.99;13.88
2020-09-29;14.28;13.99;13.98
2020-09-30;14.18;13.99;13.88
2020-10-01;14.18;13.99;13.88
2020-10-02;14.18;13.99;13.78
2020-10-03;14.18;13.99;13.78
2020-10-04;14.18;13.99;13.78
2020-10-05;14.18;13.99;13.78
2020-10-06;14.28;13.99;13.88
2020-10-07;14.28;13.99;13.98
2020-10-08;14.28;13.99;13.98
2020-10-09;14.28;13.99;13.98
2020-10-10;14.28;13.99;13.98
2020-10-11;14.28;13.99;13.98
2020-10-12;14.28;13.99;13.98
2020-10-13;14.18;13.79;13.98
2020-10-14;14.18;13.79;13.98
2020-10-15;14.18;13.79;13.98
2020-10-16;14.08;13.39;13.98
2020-10-17;14.08;13.39;13.98
2020-10-18;14.08;13.39;13.98
2020-10-19;14.08;13.39;13.98
2020-10-20;13.98;13.09;13.98
2020-10-21;13.98;13.09;13.98
2020-10-22;13.83;12.74;13.78
2020-10-23;13.83;12.74;13.78
2020-10-24;13.83;12.74;13.78
2020-10-25;13.83;12.74;13.78
2020-10-26;13.83;12.74;13.78
2020-10-27;13.73;12.39;13.68
2020-10-28;13.83;12.39;13.78
2020-10-29;13.68;11.99;13.68
2020-10-30;13.53;11.59;13.68
2020-10-31;13.53;11.59;13.68
2020-11-01;13.53;11.59;13.68
2020-11-02;13.53;12.43;13.68
2020-11-03;13.63;12.03;13.78
2020-11-04;13.63;12.03;13.78
2020-11-05;13.73;11.63;13.93
2020-11-06;13.63;11.38;13.83
2020-11-07;13.63;11.38;13.83
2020-11-08;13.63;11.38;13.83
2020-11-09;13.53;11.38;13.73
2020-11-10;13.73;11.38;13.88
2020-11-11;13.83;11.38;13.98
2020-11-12;13.93;11.38;14.08
2020-11-13;13.83;11.38;13.98
2020-11-14;13.83;11.38;13.98
2020-11-15;13.83;11.38;13.98
2020-11-16;13.83;11.38;13.98
2020-11-17;13.83;11.38;13.98
2020-11-18;13.83;11.38;13.98
2020-11-19;13.98;11.38;14.08
2020-11-20;13.98;11.38;14.08
2020-11-21;13.98;11.38;14.08
2020-11-22;13.98;11.38;14.08
2020-11-23;14.08;11.38;14.08
2020-11-24;14.18;11.38;14.18
2020-11-25;14.28;11.48;14.28
2020-11-26;14.28;11.48;14.28
2020-11-27;14.28;11.48;14.28
2020-11-28;14.28;11.48;14.28
2020-11-29;14.28;11.48;14.28
2020-11-30;14.18;11.48;14.28
2020-12-01;14.08;11.48;14.28
2020-12-02;14.08;11.48;14.28
2020-12-03;14.08;11.48;14.28
2020-12-04;14.08;11.48;14.28
2020-12-05;14.08;11.48;14.28
2020-12-06;14.08;11.48;14.28
2020-12-07;14.08;11.48;14.28
2020-12-08;14.08;11.58;14.38
2020-12-09;14.08;11.58;14.38
2020-12-10;14.08;11.58;14.38
2020-12-11;14.23;11.58;14.48
2020-12-12;14.23;11.58;14.48
2020-12-13;14.23;11.58;14.48
2020-12-14;14.23;11.58;14.48
2020-12-15;14.08;11.38;14.38
2020-12-16;14.08;11.38;14.38
2020-12-17;14.08;11.38;14.38
2020-12-18;14.18;11.38;14.38
2020-12-19;14.18;11.38;14.38
2020-12-20;14.18;11.38;14.38
2020-12-21;14.18;11.38;14.38
2020-12-22;14.08;11.18;14.28
2020-12-23;14.08;11.18;14.28
2020-12-24;14.08;11.18;14.28
2020-12-25;14.08;11.18;14.28
2020-12-26;14.08;11.18;14.28
2020-12-27;14.08;11.18;14.28
2020-12-28;14.08;11.18;14.28
2020-12-29;14.08;11.18;14.28
2020-12-30;14.18;11.18;14.38
2020-12-31;14.18;11.18;14.38
2021-01-01;14.24;11.2;14.42
2021-01-02;14.24;11.2;14.42
2021-01-03;14.24;11.2;14.42
2021-01-04;14.34;11.2;14.82
2021-01-05;14.34;11.2;14.82
2021-01-06;14.34;11.2;14.82
2021-01-07;14.44;11.2;14.92
2021-01-08;14.44;11.2;14.92
2021-01-09;14.44;11.2;14.92
2021-01-10;14.44;11.2;14.92
2021-01-11;14.54;11.18;15.02
2021-01-12;14.54;11.18;15.02
2021-01-13;14.69;11.28;15.17
2021-01-14;14.69;11.28;15.17
2021-01-15;14.69;11.28;15.17
2021-01-16;14.69;11.28;15.17
2021-01-17;14.69;11.28;15.17
2021-01-18;14.69;11.28;15.17
2021-01-19;14.69;11.28;15.17
2021-01-20;14.69;11.28;15.17
2021-01-21;14.69;11.28;15.17
2021-01-22;14.69;11.28;15.17
2021-01-23;14.69;11.28;15.17
2021-01-24;14.69;11.28;15.17
2021-01-25;14.59;11.18;15.07
2021-01-26;14.59;11.18;15.07
2021-01-27;14.59;11.18;15.07
2021-01-28;14.59;11.18;15.07
2021-01-29;14.69;11.18;15.22
2021-01-30;14.69;11.18;15.22
2021-01-31;14.69;11.18;15.22
2021-02-01;14.69;11.18;15.22
2021-02-02;14.69;11.18;15.22
2021-02-03;14.89;11.28;15.42
2021-02-04;14.89;11.28;15.42
2021-02-05;14.89;11.28;15.42
2021-02-06;14.89;11.28;15.42
2021-02-07;14.89;11.28;15.42
2021-02-08;15.09;11.28;15.62
2021-02-09;15.09;11.28;15.62
2021-02-10;15.09;11.28;15.62
2021-02-11;15.09;11.28;15.62
2021-02-12;15.09;11.28;15.72
2021-02-13;15.09;11.28;15.72
2021-02-14;15.09;11.28;15.72
2021-02-15;15.09;11.28;15.72
2021-02-16;15.09;11.28;15.72
2021-02-17;15.09;11.28;15.72
2021-02-18;15.19;11.28;15.72
2021-02-19;15.19;11.28;15.72
2021-02-20;15.19;11.28;15.72
2021-02-21;15.19;11.28;15.72
2021-02-22;15.19;11.28;15.72
2021-02-23;15.19;11.28;15.72
2021-02-24;15.29;11.38;15.82
2021-02-25;15.39;11.53;15.82
2021-02-26;15.39;11.53;15.82
2021-02-27;15.39;11.53;15.82
2021-02-28;15.39;11.53;15.82
2021-03-01;15.49;11.73;15.82
2021-03-02;15.49;11.73;15.82
2021-03-03;15.49;11.73;15.82
2021-03-04;15.49;11.73;15.82
2021-03-05;15.64;11.88;15.97
2021-03-06;15.64;11.88;15.97
2021-03-07;15.64;11.88;15.97
2021-03-08;15.79;11.98;16.22
2021-03-09;15.79;11.98;16.22
2021-03-10;15.79;11.98;16.22
2021-03-11;15.79;11.98;16.12
2021-03-12;15.89;11.98;16.12
2021-03-13;15.89;11.98;16.12
2021-03-14;15.89;11.98;16.12
2021-03-15;15.99;11.98;16.22
2021-03-16;15.99;11.98;16.22
2021-03-17;15.89;11.98;16.12
2021-03-18;15.74;11.98;16.02
2021-03-19;15.54;11.88;15.87
2021-03-20;15.54;11.88;15.87
2021-03-21;15.54;11.88;15.87
2021-03-22;15.44;11.88;15.87
2021-03-23;15.54;11.88;15.87
2021-03-24;15.39;11.78;15.72
2021-03-25;15.49;11.78;15.82
2021-03-26;15.49;11.78;15.82
2021-03-27;15.49;11.78;15.82
2021-03-28;15.49;11.78;15.82
2021-03-29;15.49;11.78;15.82
2021-03-30;15.74;11.78;16.02
2021-03-31;15.74;11.78;16.02
2021-04-01;15.74;10.94;16.02
2021-04-02;15.74;10.94;16.02
2021-04-03;15.74;10.94;16.02
2021-04-04;15.74;10.94;16.02
2021-04-05;15.74;10.94;16.02
2021-04-06;15.74;10.94;15.92
2021-04-07;15.74;10.94;15.92
2021-04-08;15.64;10.94;15.82
2021-04-09;15.64;10.94;15.82
2021-04-10;15.64;10.94;15.82
2021-04-11;15.64;10.94;15.82
2021-04-12;15.64;10.94;15.82
2021-04-13;15.79;11.14;15.82
2021-04-14;15.79;11.14;15.82
2021-04-15;15.89;11.34;15.82
2021-04-16;15.89;11.34;15.82
2021-04-17;15.89;11.34;15.82
2021-04-18;15.89;11.34;15.82
2021-04-19;15.89;11.49;15.92
2021-04-20;15.89;11.49;15.92
2021-04-21;15.79;11.49;15.77
2021-04-22;15.79;11.49;15.77
2021-04-23;15.79;11.49;15.77
2021-04-24;15.79;11.49;15.77
2021-04-25;15.79;11.49;15.77
2021-04-26;15.79;11.49;15.77
2021-04-27;15.69;11.49;15.77
2021-04-28;15.69;11.74;15.87
2021-04-29;15.79;11.89;15.97
2021-04-30;15.79;11.89;15.97
2021-05-01;15.79;11.89;15.97
2021-05-02;15.79;11.89;15.97
2021-05-03;15.79;11.89;15.97
2021-05-04;15.89;11.99;16.07
2021-05-05;16.04;11.99;16.17
2021-05-06;16.14;11.99;16.27
2021-05-07;16.04;11.99;16.27
2021-05-08;16.04;11.99;16.27
2021-05-09;16.04;11.99;16.27
2021-05-10;16.04;11.99;16.27
2021-05-11;15.94;11.99;16.17
2021-05-12;15.94;11.99;16.17
2021-05-13;15.94;11.99;16.17
2021-05-14;15.94;11.99;16.17
2021-05-15;15.94;11.99;16.17
2021-05-16;15.94;11.99;16.17
2021-05-17;15.94;11.99;16.17
2021-05-18;15.94;12.19;16.27
2021-05-19;15.94;12.19;16.27
2021-05-20;15.74;12.19;16.07
2021-05-21;15.74;12.19;16.07
2021-05-22;15.74;12.19;16.07
2021-05-23;15.74;12.19;16.07
2021-05-24;15.74;12.19;16.07
2021-05-25;15.84;12.29;16.17
2021-05-26;15.84;12.29;16.17
2021-05-27;15.84;12.29;16.17
2021-05-28;15.84;12.29;16.17
2021-05-29;15.84;12.29;16.17
2021-05-30;15.84;12.29;16.17
2021-05-31;15.99;12.39;16.27
2021-06-01;15.99;12.39;16.27
2021-06-02;15.99;12.39;16.27
2021-06-03;15.99;12.39;16.27
2021-06-04;15.99;12.39;16.27
2021-06-05;15.99;12.39;16.27
2021-06-06;15.99;12.39;16.27
2021-06-07;16.09;12.49;16.37
2021-06-08;16.09;12.49;16.37
2021-06-09;16.09;12.49;16.37
2021-06-10;16.09;12.49;16.37
2021-06-11;16.09;12.49;16.37
2021-06-12;16.09;12.49;16.37
2021-06-13;16.09;12.49;16.37
2021-06-14;16.09;12.49;16.37
2021-06-15;16.19;12.59;16.52
2021-06-16;16.19;12.59;16.52
2021-06-17;16.19;12.59;16.62
2021-06-18;16.19;12.59;16.62
2021-06-19;16.19;12.59;16.62
2021-06-20;16.19;12.59;16.62
2021-06-21;16.34;12.59;16.72
2021-06-22;16.34;12.59;16.72
2021-06-23;16.44;12.59;16.82
2021-06-24;16.44;12.59;16.82
2021-06-25;16.44;12.59;16.82
2021-06-26;16.44;12.59;16.82
2021-06-27;16.44;12.59;16.82
2021-06-28;16.54;12.59;16.82
2021-06-29;16.54;12.59;16.82
2021-06-30;16.54;12.59;16.82
2021-07-01;16.54;12.59;16.72
2021-07-02;16.54;12.59;16.87
2021-07-03;16.54;12.59;16.87
2021-07-04;16.54;12.59;16.87
2021-07-05;16.69;12.59;17.02
2021-07-06;16.69;12.59;17.02
2021-07-07;16.59;12.59;16.82
2021-07-08;16.49;12.59;16.72
2021-07-09;16.49;12.59;16.72
2021-07-10;16.49;12.59;16.72
2021-07-11;16.49;12.59;16.72
2021-07-12;16.64;12.74;16.87
2021-07-13;16.64;12.74;16.87
2021-07-14;16.64;12.74;16.87
2021-07-15;16.74;12.84;16.97
2021-07-16;16.74;12.84;16.87
2021-07-17;16.74;12.84;16.87
2021-07-18;16.74;12.84;16.87
2021-07-19;16.74;12.84;16.87
2021-07-20;16.49;12.74;16.67
2021-07-21;16.39;12.74;16.67
2021-07-22;16.54;12.74;16.82
2021-07-23;16.64;12.74;16.82
2021-07-24;16.64;12.74;16.82
2021-07-25;16.64;12.74;16.82
2021-07-26;16.74;12.74;16.82
2021-07-27;16.74;12.74;16.82
2021-07-28;16.74;12.74;16.82
2021-07-29;16.74;12.74;16.82
2021-07-30;16.84;12.74;16.92
2021-07-31;16.84;12.74;16.92
2021-08-01;16.84;12.74;16.92
2021-08-02;16.89;12.74;17.67
2021-08-03;16.79;12.59;17.52
2021-08-04;16.79;12.59;17.52
2021-08-05;16.69;12.49;17.42
2021-08-06;16.79;12.64;17.42
2021-08-07;16.79;12.64;17.42
2021-08-08;16.79;12.64;17.42
2021-08-09;16.79;12.64;17.42
2021-08-10;16.69;12.64;17.42
2021-08-11;16.79;12.64;17.57
2021-08-12;16.69;12.64;17.57
2021-08-13;16.69;12.64;17.57
2021-08-14;16.69;12.64;17.57
2021-08-15;16.69;12.64;17.57
2021-08-16;16.69;12.64;17.57
2021-08-17;16.59;12.64;17.47
2021-08-18;16.59;12.64;17.47
2021-08-19;16.59;12.64;17.47
2021-08-20;16.39;12.64;17.32
2021-08-21;16.39;12.64;17.32
2021-08-22;16.39;12.64;17.32
2021-08-23;16.39;12.64;17.42
2021-08-24;16.49;12.79;17.57
2021-08-25;16.49;12.79;17.57
2021-08-26;16.64;12.89;17.67
2021-08-27;16.64;12.89;17.67
2021-08-28;16.64;12.89;17.67
2021-08-29;16.64;12.89;17.67
2021-08-30;16.79;12.99;17.77
2021-08-31;16.79;12.99;17.77
2021-09-01;16.79;12.99;17.77
2021-09-02;16.69;12.99;17.67
2021-09-03;16.89;13.19;17.82
2021-09-04;16.89;13.19;17.82
2021-09-05;16.89;13.19;17.82
2021-09-06;16.89;13.19;17.82
2021-09-07;16.79;13.19;17.72
2021-09-08;16.79;13.19;17.72
2021-09-09;16.79;13.19;17.72
2021-09-10;16.89;13.39;17.72
2021-09-11;16.89;13.39;17.72
2021-09-12;16.89;13.39;17.72
2021-09-13;16.89;13.39;17.72
2021-09-14;16.89;13.59;17.82
2021-09-15;16.79;13.59;17.82
2021-09-16;16.89;13.79;17.97
2021-09-17;16.79;13.79;17.97
2021-09-18;16.79;13.79;17.97
2021-09-19;16.79;13.79;17.97
2021-09-20;16.79;13.79;17.97
2021-09-21;16.79;13.99;18.07
2021-09-22;16.64;13.99;18.07
2021-09-23;16.64;13.99;18.07
2021-09-24;16.74;13.99;18.22
2021-09-25;16.74;13.99;18.22
2021-09-26;16.74;13.99;18.22
2021-09-27;16.94;13.99;18.37
2021-09-28;17.04;14.24;18.47
2021-09-29;17.04;14.24;18.47
2021-09-30;17.29;14.49;18.57
2021-10-01;17.39;14.59;18.72
2021-10-02;17.39;14.59;18.72
2021-10-03;17.39;14.59;18.72
2021-10-04;17.39;14.79;18.82
2021-10-05;17.49;14.99;18.97
2021-10-06;17.59;15.19;19.17
2021-10-07;17.59;15.19;19.17
2021-10-08;17.59;15.19;19.17
2021-10-09;17.59;15.19;19.17
2021-10-10;17.59;15.19;19.17
2021-10-11;17.79;15.29;19.32
2021-10-12;17.79;15.29;19.32
2021-10-13;17.69;15.29;19.32
2021-10-14;17.84;15.49;19.32
2021-10-15;17.74;15.49;19.22
